MkmProductId;Name;ExpansionName;rarity;Count;Language;Condition;IsFoil;IsSigned;IsAltered;Price
360072;Sarkhan, Fireblood;Core 2019;Mythic;2;1;6;0;0;0;11.28
497930;Emrakul, the Aeons Torn;The List;Mythic;1;1;6;0;0;0;22.45
482749;Sword of War and Peace;Double Masters;Mythic;1;1;6;1;0;0;11.86
295879;Blood Moon;Modern Masters 2017;Rare;1;1;6;0;0;0;11.06
498690;Scroll Rack;The List;Rare;1;1;6;0;0;0;21.41
567143;Shalai, Voice of Plenty;Secret Lair Drop Series;Rare;4;1;6;0;0;0;15.00
567140;Ponder;Secret Lair Drop Series;Rare;5;1;6;0;0;0;16.98
5622;Birds of Paradise;Revised;Rare;1;1;4;0;0;0;19.80
242650;Blackcleave Cliffs;Scars of Mirrodin;Rare;1;2;4;1;0;0;30.70
242650;Blackcleave Cliffs;Scars of Mirrodin;Rare;1;1;4;1;0;0;32.21
262064;Blood Moon;Modern Masters;Rare;1;1;6;0;0;0;11.07
5578;Braingeyser;Revised;Rare;2;1;4;0;0;0;15.03
254220;Griselbrand;Avacyn Restored;Mythic;2;1;5;0;0;0;12.52
461309;Ketria Triome (V.1);Ikoria: Lair of Behemoths: Promos;Rare;1;2;6;0;0;0;12.75
21726;Misty Rainforest;Zendikar;Rare;1;1;6;0;0;0;23.13
262380;Mutavault;Magic 2014;Rare;1;2;5;0;0;0;11.28
270682;Sylvan Safekeeper;Commander 2014;Rare;1;2;1;0;0;0;13.99
7390;Tormod's Crypt;The Dark;Uncommon;1;1;4;0;0;0;12.86
21768;Valakut, the Molten Pinnacle;Zendikar;Rare;1;2;5;0;0;0;13.50
575347;Gamble;Secret Lair Drop Series: Dr. Lair's Secretorium Superdrop;Rare;4;1;6;0;0;0;13.84
7395;Maze of Ith;The Dark;Uncommon;1;1;3;0;0;0;29.40
575348;Nature's Lore;Secret Lair Drop Series: Dr. Lair's Secretorium Superdrop;Rare;4;1;6;0;0;0;27.10
564641;Arid Mesa;Modern Horizons 2;Rare;1;2;6;0;0;0;13.69
287044;Kalitas, Traitor of Ghet;Oath of the Gatewatch;Mythic;1;1;5;0;0;0;10.37
430974;Uro, Titan of Nature's Wrath;Theros Beyond Death: Extras;Mythic;1;1;6;0;0;0;26.83
382365;Chandra, Awakened Inferno (V.2);Core 2020: Extras;Mythic;1;1;5;1;0;0;30.00
605057;Sliver Hivelord;Secret Lair Drop Series: Out of Time Superdrop;Mythic;3;1;6;1;0;0;24.29
605054;Sphere of Safety;Secret Lair Drop Series: Out of Time Superdrop;Rare;3;1;6;1;0;0;50.00
605053;Carpet of Flowers;Secret Lair Drop Series: Out of Time Superdrop;Rare;2;1;6;1;0;0;59.99
581196;Impact Tremors;Secret Lair Drop Series: All-Natural, Totally Refreshing Superdrop;Rare;2;1;6;1;0;0;14.00
659243;Grand Crescendo;Commander: Streets of New Capenna: Promos;Rare;1;1;6;1;0;0;27.49
7359;Dust to Dust;The Dark;Common;1;1;4;0;0;0;13.62
605051;Teferi, Time Raveler;Secret Lair Drop Series: Out of Time Superdrop;Rare;3;1;6;0;0;0;24.73
315630;Angrath, the Flame-Chained;Rivals of Ixalan: Promos;Mythic;1;1;1;1;0;0;11.41
302093;Vraska, Relic Seeker;Ixalan: Promos;Mythic;1;1;6;1;0;0;12.49
13333;Cloudstone Curio;Ravnica: City of Guilds;Rare;1;2;5;0;0;0;15.42
301440;Flusterstorm;Iconic Masters;Rare;1;1;6;0;0;0;20.22
551;Night's Whisper;Fifth Dawn;Uncommon;1;2;4;1;0;0;15.83
19294;Sunken Ruins;Shadowmoor;Rare;1;6;4;0;0;0;16.00
375375;Echo of Eons;Modern Horizons;Mythic;1;1;5;0;0;0;14.32
378693;Sorin, Imperious Bloodlord;Core 2020;Mythic;3;1;5;0;0;0;16.37
494594;Omnath, Locus of Creation;Zendikar Rising: Extras;Mythic;1;1;6;0;0;0;16.45
664067;Phyrexian Altar;Double Masters 2022;Rare;1;7;6;0;0;0;22.26
664853;Emrakul, the Aeons Torn;Double Masters 2022;Mythic;1;7;6;0;0;0;19.45
664049;Bloom Tender;Double Masters 2022;Rare;1;7;6;0;0;0;10.61
653181;Unlicensed Hearse (V.1);Streets of New Capenna: Promos;Rare;1;1;5;1;0;0;19.12
575350;Wrath of God;Secret Lair Drop Series: Dr. Lair's Secretorium Superdrop;Rare;4;1;6;0;0;0;11.96
19045;Cerulean Wisps;Shadowmoor;Common;1;2;6;1;0;0;10.93
259294;Sylvan Library;Commander's Arsenal;Rare;1;1;6;1;0;0;36.65
256754;Command Tower;Judge Rewards Promos;Rare;1;1;6;1;0;0;46.50
298567;Capsize;Amonkhet Invocations;Masterpiece;4;1;6;1;0;0;41.00
242650;Blackcleave Cliffs;Scars of Mirrodin;Rare;1;1;5;1;0;0;34.01
296604;Chain Lightning;Amonkhet Invocations;Masterpiece;3;1;6;1;0;0;34.95
15072;Bitter Ordeal;Future Sight;Rare;1;2;5;1;0;0;294.00
483184;Noble Hierarch;Double Masters: Extras;Rare;1;1;6;1;0;0;20.38
282324;Tarmogoyf;Modern Masters 2015;Mythic;1;7;6;0;0;0;14.78
12657;Enduring Ideal;Saviors of Kamigawa;Rare;1;2;6;1;0;0;29.99
264080;Erebos, God of the Dead;Theros;Mythic;1;5;6;1;0;0;18.95
510740;Arcane Signet;Commander Legends: Extras;Uncommon;1;2;6;1;0;0;17.84
21744;Arid Mesa;Zendikar;Rare;1;6;5;0;0;0;14.47
265553;Ephara, God of the Polis;Born of the Gods;Mythic;1;2;5;1;0;0;14.80
265553;Ephara, God of the Polis;Born of the Gods;Mythic;2;2;6;1;0;0;14.94
285064;Drana, Liberator of Malakir;Battle for Zendikar: Promos;Mythic;1;7;6;1;0;0;19.99
451898;Fiend Artisan;Ikoria: Lair of Behemoths;Mythic;3;1;6;1;0;0;19.99
14215;Braids, Conjurer Adept;Planar Chaos;Rare;1;5;6;1;0;0;23.50
292942;Botanical Sanctum;Kaladesh: Promos;Rare;1;2;6;1;0;0;19.50
1939;Dream Chisel;Onslaught;Rare;1;2;6;1;0;0;29.90
1939;Dream Chisel;Onslaught;Rare;1;8;6;1;0;0;29.90
10584;Aura Flux;Urza's Legacy;Common;2;1;6;1;0;0;14.93
256996;Akroma's Memorial;Magic 2013;Mythic;1;2;4;0;0;0;14.99
20779;Font of Mythos;Conflux;Rare;1;4;5;1;0;0;25.99
15161;Dakmor Salvage;Future Sight;Uncommon;4;5;6;1;0;0;10.98
15161;Dakmor Salvage;Future Sight;Uncommon;1;2;6;1;0;0;10.98
259847;Crypt Ghast;Gatecrash;Rare;1;4;6;1;0;0;69.95
258509;Deathrite Shaman;Return to Ravnica;Rare;1;4;6;1;0;0;24.99
366218;Creeping Tar Pit;Ultimate Box Toppers;Mythic;1;1;6;1;0;0;11.95
292548;Aetherflux Reservoir;Kaladesh;Rare;1;2;6;1;0;0;13.00
292934;Aetherflux Reservoir;Kaladesh: Promos;Rare;1;4;6;1;0;0;24.99
292934;Aetherflux Reservoir;Kaladesh: Promos;Rare;4;5;6;1;0;0;24.99
5727;Crusade;Revised;Rare;1;1;3;0;0;0;11.37
289200;Cryptolith Rite;Shadows over Innistrad;Rare;1;6;6;1;0;0;15.03
22520;Deprive;Rise of the Eldrazi;Common;2;7;6;1;0;0;17.95
15808;Capsize;Friday Night Magic Promos;Rare;1;1;6;1;0;0;34.24
264022;Chained to the Rocks;Theros;Rare;1;3;6;1;0;0;18.00
12967;Blood Crypt;Dissension;Rare;1;2;3;0;0;0;17.98
301591;Bloodghast;Iconic Masters;Rare;2;7;6;1;0;0;20.00
319030;Vendilion Clique;Masters 25;Mythic;1;1;6;1;0;0;12.99
283452;Alhammarret's Archive;Magic Origins;Mythic;4;2;6;1;0;0;28.44
13764;Angel's Grace;Time Spiral;Rare;1;5;5;1;0;0;17.00
292548;Aetherflux Reservoir;Kaladesh;Rare;1;4;6;1;0;0;13.00
292548;Aetherflux Reservoir;Kaladesh;Rare;4;5;6;1;0;0;13.00
9035;Static Orb;Tempest;Rare;1;2;5;0;0;0;11.94
12086;Kitsune Mystic;Champions of Kamigawa;Rare;1;2;5;1;0;0;12.02
15000;Intervention Pact;Future Sight;Rare;1;4;5;1;0;0;99.94
15000;Intervention Pact;Future Sight;Rare;2;4;6;1;0;0;99.94
15000;Intervention Pact;Future Sight;Rare;1;3;5;1;0;0;99.94
15000;Intervention Pact;Future Sight;Rare;2;2;5;1;0;0;99.94
15000;Intervention Pact;Future Sight;Rare;2;1;3;1;0;0;12.49
254240;Ghostly Flicker;Avacyn Restored;Common;1;2;6;1;0;0;20.00
6917;Gate to Phyrexia;Antiquities;Uncommon;1;1;3;0;0;0;46.14
266596;Keranos, God of Storms;Journey into Nyx;Mythic;3;1;6;1;0;0;22.00
498295;Land Tax;The List;Mythic;1;1;6;0;0;0;23.99
290224;Green Sun's Zenith;Eternal Masters;Rare;1;1;4;1;0;0;17.03
258230;Hallowed Fountain;Return to Ravnica;Rare;1;2;6;1;0;0;28.90
292465;Inventors' Fair;Kaladesh;Rare;2;6;6;1;0;0;19.99
242027;Leyline of Sanctity;Magic 2011;Rare;1;2;6;1;0;0;23.90
7194;Gauntlets of Chaos;Legends;Rare;2;1;6;0;0;0;24.00
13011;Hallowed Fountain;Dissension;Rare;1;2;2;0;0;0;13.47
267746;Garruk, Apex Predator;Magic 2015;Mythic;1;1;6;1;0;0;20.13
285061;Gideon, Ally of Zendikar;Battle for Zendikar: Promos;Mythic;1;7;6;1;0;0;14.99
298738;Gaddock Teeg;Judge Rewards Promos;Rare;1;1;5;1;0;0;14.83
21797;Lightning Bolt (V.2);Player Rewards Promos;Rare;2;1;5;1;0;0;15.89
21797;Lightning Bolt (V.2);Player Rewards Promos;Rare;1;1;3;1;0;0;14.48
7194;Gauntlets of Chaos;Legends;Rare;1;1;4;0;0;0;13.79
5135;Jade Monolith;Unlimited;Rare;1;1;2;0;0;0;15.84
566456;Ignoble Hierarch (V.2);Modern Horizons 2: Extras;Rare;1;1;6;1;0;0;11.42
290321;Heritage Druid;Eternal Masters;Rare;1;1;6;1;0;0;10.04
20674;Master Transmuter;Conflux;Rare;1;5;6;1;0;0;11.65
262284;Jace, Memory Adept;Magic 2014;Mythic;1;1;6;1;0;0;11.00
21192;Lightning Bolt;Magic 2010;Common;1;1;6;1;0;0;12.00
241866;Lightning Bolt;Magic 2011;Common;1;1;6;1;0;0;14.06
301226;Gishath, Sun's Avatar;Ixalan;Mythic;1;9;6;0;0;0;28.67
19922;Godsire;Shards of Alara;Mythic;3;1;3;1;0;0;11.79
283342;Kytheon, Hero of Akros // Gideon, Battle-Forged;Magic Origins;Mythic;1;1;6;1;0;0;22.00
283553;Hangarback Walker;Magic Origins;Rare;1;7;5;1;0;0;16.00
295067;Gonti's Aether Heart;Aether Revolt: Promos;Mythic;1;1;6;1;0;0;17.50
22196;Kazuul, Tyrant of the Cliffs;Worldwake;Rare;1;2;6;1;0;0;19.99
269675;Hardened Scales;Khans of Tarkir: Promos;Rare;1;6;6;1;0;0;13.49
242617;Myr Reservoir;Scars of Mirrodin;Rare;1;1;6;1;0;0;11.00
15170;Nimbus Maze;Future Sight;Rare;1;1;4;1;0;0;42.70
6998;Mold Demon;Legends;Rare;4;1;4;0;0;0;29.93
6998;Mold Demon;Legends;Rare;3;1;3;0;0;0;28.81
2670;Nimble Mongoose;Odyssey;Uncommon;1;1;5;1;0;0;29.90
265594;Mogis, God of Slaughter;Born of the Gods;Mythic;3;1;6;1;0;0;24.99
299013;Neheb, the Eternal;Hour of Devastation: Promos;Mythic;1;4;6;1;0;0;34.00
265594;Mogis, God of Slaughter;Born of the Gods;Mythic;1;2;6;1;0;0;24.99
492074;Rejuvenating Springs;Commander Legends: Extras;Rare;1;2;6;1;0;0;39.99
21726;Misty Rainforest;Zendikar;Rare;1;6;3;0;0;0;19.00
9033;Scroll Rack;Tempest;Rare;1;2;4;0;0;0;19.40
13068;Rakdos the Defiler;Dissension;Rare;1;3;5;1;0;0;35.79
5208;Plains (V.3);Beta;Land;1;1;1;0;0;0;16.13
252520;Mikaeus, the Unhallowed;Dark Ascension;Mythic;1;9;6;0;0;0;16.47
247992;Ponder;Magic 2012;Common;1;2;6;1;0;0;24.99
8465;Natural Order;Visions;Rare;1;3;4;0;0;0;19.95
372239;Nicol Bolas, Dragon-God;War of the Spark;Mythic;1;1;6;1;0;0;23.39
319288;Rest in Peace;Masters 25;Rare;1;1;6;1;0;0;16.22
242681;Nim Deathmantle;Scars of Mirrodin;Rare;2;2;6;1;0;0;11.00
295065;Paradox Engine;Aether Revolt: Promos;Mythic;2;1;6;1;0;0;18.99
18851;Reveillark;Morningtide;Rare;1;2;6;1;0;0;38.00
482829;Noble Hierarch;Double Masters;Rare;1;1;6;0;0;0;10.78
14899;Plains;Unhinged;Land;3;1;5;1;0;0;14.02
264056;Nylea, God of the Hunt;Theros;Mythic;2;5;6;1;0;0;11.99
448;Reshape;Darksteel;Rare;1;2;3;1;0;0;12.38
20730;Noble Hierarch;Conflux;Rare;2;1;5;0;0;0;10.31
266635;Pharika, God of Affliction;Journey into Nyx;Mythic;1;1;6;1;0;0;10.49
219;Nightmare Lash;Mirrodin;Rare;1;2;5;1;0;0;22.00
12718;Miren, the Moaning Well;Saviors of Kamigawa;Rare;1;2;6;0;0;0;13.99
11759;Pale Moon;Nemesis;Rare;1;2;4;1;0;0;15.99
19228;Rosheen Meanderer;Shadowmoor;Rare;1;2;6;1;0;0;15.40
267515;Soul of New Phyrexia;Magic 2015;Mythic;1;1;5;1;0;0;10.76
12223;Time of Need;Champions of Kamigawa;Uncommon;1;5;6;1;0;0;13.20
242845;Tainted Strike;Scars of Mirrodin;Common;1;2;6;1;0;0;25.00
7210;Sentinel;Legends;Rare;1;1;4;0;1;0;15.46
241977;Serra Ascendant;Magic 2011;Rare;1;5;4;0;0;0;13.99
241977;Serra Ascendant;Magic 2011;Rare;1;7;4;0;0;0;14.66
241977;Serra Ascendant;Magic 2011;Rare;1;6;4;0;0;0;13.99
6846;Shahrazad;Arabian Nights;Rare;1;1;3;0;0;0;475.00
12542;Sleight of Hand;Ninth Edition;Common;2;2;6;1;0;0;14.00
15150;Sliver Legion;Future Sight;Rare;1;7;6;0;0;0;50.00
291214;Spell Queller;Eldritch Moon: Promos;Rare;1;3;6;1;0;0;12.50
3662;Spirit of Resistance;Invasion;Rare;1;1;3;1;1;0;55.00
7389;Stone Calendar;The Dark;Rare;1;1;2;0;0;0;18.77
250645;Stony Silence;Innistrad;Rare;1;2;5;1;0;0;10.20
252532;Stromkirk Captain;Dark Ascension;Uncommon;1;7;6;1;0;0;20.99
362;Sundering Titan;Darksteel;Rare;1;1;4;1;0;0;10.21
245383;Sword of Feast and Famine;Mirrodin Besieged;Mythic;1;8;1;0;0;0;22.00
245054;Sword of Fire and Ice;Judge Rewards Promos;Rare;1;1;2;1;0;0;109.03
365;Sword of Light and Shadow;Darksteel;Rare;1;2;3;0;0;0;11.08
375012;Sword of Sinew and Steel;Modern Horizons;Mythic;4;1;6;1;0;0;19.50
15674;Sylvan Library;Renaissance;Uncommon;1;2;3;0;0;0;24.50
3684;Tangle;Invasion;Uncommon;1;5;6;1;0;0;29.95
15145;Tarmogoyf;Future Sight;Rare;1;2;2;0;0;0;14.54
15145;Tarmogoyf;Future Sight;Rare;1;2;4;0;0;0;15.78
17886;Thoughtseize;Lorwyn;Rare;1;1;5;0;0;0;20.52
366180;Through the Breach;Ultimate Box Toppers;Mythic;2;1;6;1;0;0;12.49
7052;Time Elemental;Legends;Rare;1;1;1;0;0;0;30.77
241933;Time Reversal;Magic 2011;Mythic;1;2;6;1;0;0;21.00
14157;Tormod's Crypt;Time Spiral;Time Shifted;1;2;6;1;0;0;79.90
7390;Tormod's Crypt;The Dark;Uncommon;4;1;3;0;0;0;12.38
319228;Twilight Mire;Masters 25;Rare;1;1;6;1;0;0;11.17
245691;Vendilion Clique;Judge Rewards Promos;Rare;2;1;6;1;0;0;37.50
564661;Verdant Catacombs (V.3);Modern Horizons 2: Extras;Rare;1;2;6;1;0;0;29.36
498935;Vesuva;The List;Rare;2;1;6;0;0;0;10.44
15161;Dakmor Salvage;Future Sight;Uncommon;1;4;6;1;0;0;10.98
15000;Intervention Pact;Future Sight;Rare;1;1;4;1;0;0;12.49
15000;Intervention Pact;Future Sight;Rare;1;2;6;1;0;0;99.94
287050;Wastes (V.1);Oath of the Gatewatch;Land;13;2;6;1;0;0;14.99
287051;Wastes (V.3);Oath of the Gatewatch;Land;1;5;4;1;0;0;19.99
14214;Body Double;Planar Chaos;Rare;1;3;6;1;0;0;14.00
1931;Wellwisher;Onslaught;Common;1;8;6;1;0;0;22.50
17997;Dolmen Gate;Lorwyn;Rare;1;1;6;0;0;0;11.50
10187;Wrath of God;Portal;Rare;2;2;4;0;0;0;14.78
814;Blood Moon;Eighth Edition;Rare;1;1;3;0;0;0;10.13
21009;Maelstrom Nexus;Alara Reborn;Mythic;1;1;6;1;0;0;12.98
574708;Overgrown Farmland;Innistrad: Midnight Hunt: Extras;Rare;1;1;6;1;0;0;10.01
18965;Scapeshift;Morningtide;Rare;3;2;5;0;0;0;11.75
8255;Zirilan of the Claw;Mirage;Rare;1;2;5;0;0;0;10.32
249326;Bloodstained Mire;WCD 2003: Peer Kr√∂ger;Special;3;1;5;0;0;0;15.00
358259;Pir, Imaginative Rascal;Battlebond;Rare;1;1;6;0;0;0;11.81
259828;Breeding Pool;Gatecrash;Rare;1;7;6;0;0;0;18.29
10113;Devastation;Portal;Rare;1;3;5;0;0;0;21.99
269127;Flooded Strand;Khans of Tarkir;Rare;1;9;6;0;0;0;28.78
9075;Wasteland;Tempest;Uncommon;1;2;3;0;0;0;23.83
9075;Wasteland;Tempest;Uncommon;1;2;6;0;0;0;35.00
248515;Sun Quan, Lord of Wu;From the Vault: Legends;Mythic;1;1;6;1;0;0;24.67
568824;Bruvac the Grandiloquent;The List;Mythic;1;1;6;0;0;0;35.00
290192;Karakas;Eternal Masters;Mythic;1;1;4;1;0;0;50.64
245357;Blightsteel Colossus;Mirrodin Besieged;Mythic;1;6;4;0;0;0;22.90
2256;Seedtime;Judgment;Rare;1;2;6;1;0;0;80.00
284417;Windswept Heath;Zendikar Expeditions;Masterpiece;1;1;3;1;0;0;91.11
292650;Static Orb;Kaladesh Inventions;Masterpiece;4;1;6;1;0;0;70.41
11735;Lin Sivvi, Defiant Hero;Nemesis;Rare;1;3;4;1;0;0;134.59
7894;Force of Will;Alliances;Uncommon;1;1;4;0;0;0;66.99
10667;Rancor;Urza's Legacy;Common;1;2;5;1;0;0;47.00
374460;Force of Vigor;Modern Horizons;Rare;1;1;6;1;0;0;52.50
10629;Unearth;Urza's Legacy;Common;1;1;5;1;0;0;46.71
10629;Unearth;Urza's Legacy;Common;1;1;4;1;0;0;44.23
2438;Karmic Justice;Odyssey;Rare;1;1;5;1;0;0;49.87
11697;Rishadan Port;Mercadian Masques;Rare;1;1;3;0;0;0;35.04
567757;Force of Vigor (V.2);Modern Horizons: Retro Frame Cards;Rare;1;2;6;1;0;0;35.11
11840;Skyshroud Claim;Nemesis;Common;2;1;5;1;0;0;63.99
566865;Murktide Regent;Modern Horizons 2: Extras;Mythic;1;1;6;1;0;0;32.19
2326;Chainer's Edict;Torment;Uncommon;1;1;4;1;0;0;28.09
270729;Sapphire Medallion;Commander 2014;Rare;1;2;6;0;0;0;14.14
1945;Contested Cliffs;Onslaught;Rare;1;3;4;1;0;0;13.29
1732;Peer Pressure;Onslaught;Rare;4;1;5;1;0;0;12.47
1732;Peer Pressure;Onslaught;Rare;1;3;5;1;0;0;11.86
1732;Peer Pressure;Onslaught;Rare;1;4;5;1;0;0;11.26
6898;The Rack;Antiquities;Uncommon;1;1;2;0;0;0;14.75
1132;Sliver Overlord;Scourge;Rare;1;6;6;0;0;0;54.90
2775;Disenchant;Seventh Edition;Common;1;2;4;1;0;0;22.62
289306;Thing in the Ice / Awoken Horror;Shadows over Innistrad: Promos;Rare;1;1;6;1;0;0;10.57
1082;Dragonspeaker Shaman;Scourge;Uncommon;1;1;5;1;0;0;18.90
1956;Starlit Sanctum;Onslaught;Uncommon;1;1;6;1;0;0;14.50
2408;Cabal Coffers;Torment;Uncommon;1;1;4;0;0;0;13.27
1052;Carrion Feeder;Scourge;Common;1;1;5;1;0;0;16.02
11782;Mind Slash;Nemesis;Uncommon;1;3;5;1;0;0;12.06
3081;Static Orb;Seventh Edition;Rare;1;1;6;0;0;0;18.02
7910;Thought Lash;Alliances;Rare;1;1;5;0;0;0;10.68
3909;Mercenary Informer;Prophecy;Rare;1;3;5;1;0;0;19.50
2305;Deep Analysis;Torment;Common;1;1;4;1;0;0;18.78
9779;Winter Orb;Fifth Edition;Rare;1;7;5;0;0;0;12.62
1072;Unspeakable Symbol;Scourge;Uncommon;1;1;6;1;0;0;19.95
3081;Static Orb;Seventh Edition;Rare;1;1;4;0;0;0;11.94
9035;Static Orb;Tempest;Rare;1;1;5;0;0;0;11.94
2220;Lava Dart;Judgment;Common;1;1;4;1;0;0;15.95
360900;Liliana, Untouched by Death;San Diego Comic-Con 2018 Promos;Mythic;1;1;6;1;0;0;120.07
360901;Chandra, Torch of Defiance;San Diego Comic-Con 2018 Promos;Mythic;1;1;6;1;0;0;129.95
360902;Nissa, Vital Force;San Diego Comic-Con 2018 Promos;Mythic;1;1;6;1;0;0;102.94
12184;Shinka, the Bloodsoaked Keep;Champions of Kamigawa;Rare;1;2;4;1;0;0;79.80
12184;Shinka, the Bloodsoaked Keep;Champions of Kamigawa;Rare;1;3;5;1;0;0;95.00
12028;Hall of the Bandit Lord;Champions of Kamigawa;Rare;1;4;4;1;0;0;69.50
360898;Gideon of the Trials;San Diego Comic-Con 2018 Promos;Mythic;1;1;6;1;0;0;31.51
360899;Jace, Cunning Castaway;San Diego Comic-Con 2018 Promos;Mythic;1;1;6;1;0;0;28.66
12107;Marrow-Gnawer;Champions of Kamigawa;Rare;1;1;4;1;0;0;37.99
12972;Breeding Pool;Dissension;Rare;1;1;4;0;0;0;17.22
13269;Steam Vents;Guildpact;Rare;1;2;4;0;0;0;15.95
12873;Ninja of the Deep Hours;Betrayers of Kamigawa;Common;2;2;4;1;0;0;25.00
489;Engineered Explosives;Fifth Dawn;Rare;1;2;4;0;0;0;12.95
359968;Scapeshift;Core 2019;Mythic;1;1;5;0;0;0;12.83
478;Blasting Station;Fifth Dawn;Uncommon;3;1;2;1;0;0;10.64
365;Sword of Light and Shadow;Darksteel;Rare;1;5;4;0;0;0;10.97
12665;Freed from the Real;Saviors of Kamigawa;Common;1;1;5;1;0;0;10.78
12869;Mistblade Shinobi;Betrayers of Kamigawa;Common;4;1;4;1;0;0;12.95
12122;Myojin of Seeing Winds;Champions of Kamigawa;Rare;1;3;4;1;0;0;10.95
14059;Arena;Time Spiral;Time Shifted;1;1;4;1;0;0;10.13
12958;Azorius Chancery;Dissension;Common;1;1;6;1;0;0;23.99
13222;Orzhov Basilica;Guildpact;Common;1;1;6;1;0;0;24.99
674306;Talisman of Indulgence (V.1);Secret Lair Drop Series: August Superdrop 2022;Rare;3;1;6;0;0;0;10.50
674322;Talisman of Progress (V.1);Secret Lair Drop Series: August Superdrop 2022;Rare;4;1;6;0;0;0;10.46
674971;Grim Tutor;Secret Lair Drop Series: Fortnite;Mythic;4;1;6;0;0;0;15.32
674975;Triumph of the Hordes;Secret Lair Drop Series: Fortnite;Rare;4;1;6;0;0;0;26.48
581287;Mother of Runes (V.4);Secret Lair Drop Series: All-Natural, Totally Refreshing Superdrop;Rare;2;1;6;1;0;0;18.00
581283;Mother of Runes (V.2);Secret Lair Drop Series: All-Natural, Totally Refreshing Superdrop;Rare;3;1;6;1;0;0;10.86
581274;Mother of Runes (V.1);Secret Lair Drop Series: All-Natural, Totally Refreshing Superdrop;Rare;1;1;6;1;0;0;10.35
431289;Thassa's Oracle;Theros Beyond Death;Rare;1;1;6;1;0;0;22.84
650830;Ancient Brass Dragon;Commander Legends: Battle for Baldur's Gate;Mythic;1;1;6;0;0;0;17.05
420491;Purphoros, God of the Forge;Mystery Booster;Mythic;3;1;6;0;0;0;13.81
571054;Den of the Bugbear;Adventures in the Forgotten Realms: Extras;Rare;1;1;6;1;0;0;15.99
685704;Sliver Legion (V.1);Secret Lair Drop Series: Extra Life 2022;Mythic;4;1;6;0;0;0;39.99
12107;Marrow-Gnawer;Champions of Kamigawa;Rare;2;2;4;0;0;0;17.45
380154;Scheming Symmetry (V.1);Core 2020: Extras;Rare;1;1;6;1;0;0;12.90
556296;Adrix and Nev, Twincasters;Commander: Strixhaven;Mythic;1;1;4;1;0;0;13.46
685700;Birds of Paradise (V.2);Secret Lair Drop Series: Extra Life 2022;Rare;4;1;6;0;0;0;14.81
685699;Birds of Paradise (V.1);Secret Lair Drop Series: Extra Life 2022;Rare;3;1;6;0;0;0;14.15
685703;Sliver Legion (V.2);Secret Lair Drop Series: Extra Life 2022;Mythic;4;1;6;0;0;0;27.49
16483;Crucible of Worlds;Tenth Edition;Rare;1;7;5;0;0;0;15.61
13721;Snow-Covered Forest;Coldsnap;Land;1;8;6;1;0;0;12.01
530687;The World Tree;Kaldheim: Extras;Rare;1;1;6;1;0;0;11.89
688354;Birds of Paradise (V.1);Dominaria Remastered: Extras;Rare;1;1;6;1;0;0;42.42
688478;No Mercy (V.1);Dominaria Remastered: Extras;Mythic;2;1;6;1;0;0;13.60
688392;Enlightened Tutor;Dominaria Remastered;Rare;1;1;6;1;0;0;16.72
688575;Worldly Tutor;Dominaria Remastered;Rare;1;1;6;1;0;0;10.04
688517;Sneak Attack;Dominaria Remastered: Extras;Mythic;1;1;6;1;0;0;21.75
688561;Vampiric Tutor (V.1);Dominaria Remastered: Extras;Mythic;1;1;6;0;0;0;33.57
497945;Enlightened Tutor;The List;Uncommon;1;1;4;0;0;0;17.56
547766;Wastes;Time Spiral Remastered: Extras;Time Shifted;1;2;6;1;0;0;20.00
261934;Summoner's Pact;Modern Masters;Rare;1;1;5;1;0;0;16.52
564642;Marsh Flats;Modern Horizons 2;Rare;1;1;6;1;0;0;18.02
664853;Emrakul, the Aeons Torn;Double Masters 2022;Mythic;1;1;6;0;0;0;19.45
432489;Heliod's Intervention;Theros Beyond Death: Extras;Rare;1;1;6;1;0;0;17.00
557953;Unbound Flourishing;The List;Mythic;2;1;6;0;0;0;12.94
269125;Windswept Heath;Khans of Tarkir;Rare;1;1;2;1;0;0;35.00
294761;Metallic Mimic;Aether Revolt;Rare;1;1;6;1;0;0;12.91
287307;Thought-Knot Seer;Oath of the Gatewatch;Rare;3;1;6;1;0;0;13.89
287307;Thought-Knot Seer;Oath of the Gatewatch;Rare;1;1;4;1;0;0;12.93
18894;Maralen of the Mornsong;Morningtide;Rare;1;2;5;0;0;0;12.25
17979;Timber Protector;Lorwyn;Rare;1;2;6;0;0;0;12.84
557088;Blue Sun's Zenith (V.2);Mystical Archive;Mythic;1;7;6;1;0;0;15.19
12967;Blood Crypt;Dissension;Rare;1;1;4;0;0;0;18.00
245368;Inkmoth Nexus;Mirrodin Besieged;Rare;1;1;5;0;0;0;23.48
271444;Ugin, the Spirit Dragon;Fate Reforged;Mythic;1;1;6;0;0;0;26.00
247992;Ponder;Magic 2012;Common;1;1;5;1;0;0;20.42
510785;Scroll Rack;Commander Legends;Mythic;1;1;6;0;0;0;20.13
298691;Razaketh, the Foulblooded;Hour of Devastation;Mythic;1;1;4;0;0;0;10.01
17843;Boggart Harbinger;Lorwyn;Uncommon;1;2;3;1;0;0;22.00
467834;Baneslayer Angel;Core 2021: Extras;Mythic;1;1;6;0;0;0;10.46
22431;Eldrazi Conscription;Rise of the Eldrazi;Rare;1;7;5;0;0;0;11.24
252516;Thought Scour;Dark Ascension;Common;1;7;6;1;0;0;20.00
574899;Bloodthirsty Adversary;Innistrad: Midnight Hunt: Extras;Mythic;1;1;6;1;0;0;10.49
651882;Unlicensed Hearse;Streets of New Capenna: Extras;Rare;1;1;6;1;0;0;14.44
7359;Dust to Dust;The Dark;Common;1;1;3;0;0;0;13.11
366168;Goryo's Vengeance;Ultimate Box Toppers;Mythic;1;1;6;1;0;0;39.99
5991;Sylvan Library;Fourth Edition;Rare;1;2;6;0;0;0;25.00
374550;Urza, Lord High Artificer;Modern Horizons;Mythic;1;1;5;0;0;0;14.22
15169;Horizon Canopy;Future Sight;Rare;2;1;5;0;0;0;14.63
577363;Morophon, the Boundless;Innistrad: Midnight Hunt: Promos;Mythic;1;1;6;0;0;0;26.00
485929;Blood Moon;Double Masters;Rare;1;1;6;0;0;0;11.43
290475;Relic of Progenitus;Eternal Masters;Uncommon;1;1;5;1;0;0;11.46
566456;Ignoble Hierarch (V.2);Modern Horizons 2: Extras;Rare;2;1;5;1;0;0;11.22
245930;Birthing Pod;New Phyrexia;Rare;1;9;5;0;0;0;10.01
282856;Elesh Norn, Grand Cenobite;Modern Masters 2015;Mythic;1;7;6;0;0;0;14.99
564644;Scalding Tarn;Modern Horizons 2;Rare;1;1;5;0;0;0;24.04
285961;Pathbreaker Ibex;Commander 2015;Rare;1;1;5;0;0;0;17.10
558557;Archaeomancer's Map;Commander: Strixhaven: Extras;Rare;1;1;4;0;0;0;11.64
315266;Pendelhaven;Judge Rewards Promos;Mythic;1;1;6;1;0;0;10.14
686380;Pirated Copy;Jumpstart 2022;Mythic;1;1;6;0;0;0;10.97
510345;Port Razer;Commander Legends: Extras;Mythic;1;2;5;1;0;0;11.99
688184;Ulamog, the Ceaseless Hunger;Secret Lair Drop Series: December Superdrop 2022;Mythic;4;1;6;0;0;0;44.99
688340;The Scarab God;Secret Lair Drop Series: December Superdrop 2022;Mythic;3;1;6;0;0;0;29.99
557648;Crackle with Power;Strixhaven: School of Mages;Mythic;1;1;5;1;0;0;11.79
301412;Auriok Champion;Iconic Masters;Rare;1;1;4;1;0;0;11.00
431289;Thassa's Oracle;Theros Beyond Death;Rare;1;1;4;1;0;0;21.25
3136;Ice Cave;Apocalypse;Rare;1;1;4;1;0;0;17.38
13333;Cloudstone Curio;Ravnica: City of Guilds;Rare;1;1;4;0;0;0;15.28
11501;Corrupt Official;Mercadian Masques;Rare;1;1;4;1;0;0;18.00
10834;Masticore;Urza's Destiny;Rare;2;1;6;0;0;0;16.99
1948;Forgotten Cave;Onslaught;Common;1;3;4;1;0;0;10.78
1951;Lonely Sandbar;Onslaught;Common;1;7;4;1;0;0;19.60
494934;Misty Rainforest;Zendikar Rising Expeditions;Mythic;1;1;6;0;0;0;44.67
286033;Urza's Incubator;Commander 2015;Rare;1;1;5;0;0;0;19.37
254225;Craterhoof Behemoth;Avacyn Restored;Mythic;1;4;4;0;0;0;29.00
361778;Estrid's Invocation;Commander 2018;Rare;1;2;6;0;0;0;10.42
530677;Maskwood Nexus;Kaldheim: Extras;Rare;1;7;5;1;0;0;19.94
299932;Living Plane;Legends Italian;Rare;1;5;6;0;0;0;86.18
299951;Willow Satyr;Legends Italian;Rare;1;5;6;0;0;0;29.54
250442;Liliana of the Veil;Innistrad;Mythic;1;1;6;0;1;0;20.09
3574;Phyrexian Altar;Invasion;Rare;1;7;4;0;0;0;23.19
8524;Tithe;Visions;Rare;1;2;4;0;0;0;20.63
252520;Mikaeus, the Unhallowed;Dark Ascension;Mythic;1;2;3;0;0;0;14.03
273080;Sidisi, Undead Vizier;Dragons of Tarkir;Rare;1;1;6;1;0;0;16.99
273145;Collected Company;Dragons of Tarkir;Rare;2;1;6;0;0;0;11.96
15237;Hurkyl's Recall;Foreign Black Bordered;Rare;1;2;3;0;0;0;12.64
273145;Collected Company;Dragons of Tarkir;Rare;2;1;5;0;0;0;11.74
245507;Black Sun's Zenith;Game Day Set Promos;Rare;1;1;5;1;0;0;13.29
12092;Kokusho, the Evening Star;Champions of Kamigawa;Rare;1;2;1;0;0;0;11.99
692704;Venerated Rotpriest;Phyrexia: All Will Be One: Extras;Rare;1;7;6;1;0;0;12.98
359859;Nicol Bolas, the Ravager // Nicol Bolas, the Arisen;Core 2019;Mythic;2;1;6;0;0;0;23.90
467839;Mangara, the Diplomat;Core 2021: Extras;Mythic;1;2;6;0;0;0;15.00
293551;Emrakul, the Aeons Torn;DCI Promos;Mythic;3;1;6;1;0;0;56.59
374514;Fiery Islet;Modern Horizons;Rare;1;1;5;1;0;0;38.56
269127;Flooded Strand;Khans of Tarkir;Rare;3;7;6;0;0;0;28.78
363550;Watery Grave;Guilds of Ravnica;Rare;1;1;4;1;0;0;20.72
363616;Ral, Izzet Viceroy;Guilds of Ravnica: Mythic Edition;Masterpiece;1;1;6;1;0;0;20.00
295816;Arid Mesa;Modern Masters 2017;Rare;1;7;5;0;0;0;16.05
366187;Noble Hierarch;Ultimate Masters;Rare;3;1;6;0;0;0;11.34
455008;Raugrin Triome;Ikoria: Lair of Behemoths;Rare;1;7;6;0;0;0;16.00
21782;Archive Trap;Zendikar;Rare;2;2;4;0;0;0;10.65
527575;Youthful Valkyrie;Kaldheim: Extras;Uncommon;1;1;5;0;0;0;10.31
688472;Mystic Remora (V.1);Dominaria Remastered: Extras;Rare;1;1;6;1;0;0;11.81
361778;Estrid's Invocation;Commander 2018;Rare;1;1;6;0;0;0;10.89
659269;Protection Racket;Commander: Streets of New Capenna: Promos;Rare;1;1;6;1;0;0;14.99
567142;Teferi, Hero of Dominaria;Secret Lair Drop Series;Mythic;1;1;6;0;0;0;42.11
291769;Daretti, Ingenious Iconoclast;Conspiracy: Take the Crown;Mythic;1;1;5;0;0;0;20.53
258319;Steam Vents;Return to Ravnica;Rare;1;7;5;0;0;0;13.91
7633;Blood Moon;Chronicles;Rare;1;1;5;0;0;0;12.19
1090;Goblin Warchief;Scourge;Uncommon;1;2;5;1;0;0;29.99
15441;Meekstone;Foreign Black Bordered;Rare;2;2;3;0;0;0;14.69
299991;Storm World;Legends Italian;Rare;1;5;3;0;0;0;13.94
13626;Counterbalance;Coldsnap;Uncommon;1;1;5;0;0;0;11.33
15917;Fastbond;Foreign White Bordered;Rare;1;2;2;0;0;0;11.33
581327;Olivia, Crimson Bride (V.1);Innistrad: Crimson Vow: Extras;Mythic;1;1;5;0;0;0;13.36
12292;Blood Moon;Ninth Edition;Rare;1;1;5;0;0;0;10.99
12292;Blood Moon;Ninth Edition;Rare;1;2;6;0;0;0;13.05
378651;Cavalier of Dawn;Core 2020;Mythic;1;1;6;0;0;0;10.06
300041;Al-abara's Carpet;Legends Italian;Rare;1;5;5;0;0;0;11.21
299904;Telekinesis;Legends Italian;Rare;1;5;5;0;0;0;10.52
315332;Polyraptor;Rivals of Ixalan;Mythic;1;2;6;0;0;0;18.90
695512;Vraska, Betrayal's Sting (V.2);Phyrexia: All Will Be One: Promos;Mythic;1;1;6;0;0;0;18.69
358408;Archfiend of Despair;Battlebond;Mythic;1;1;3;0;0;0;15.14
245732;Kinsbaile Cavalier;Duel Decks: Knights vs. Dragons;Rare;1;1;3;0;0;0;17.99
358829;Crystalline Crawler;Commander Anthology II;Rare;1;1;5;0;0;0;12.28
606992;The Wandering Emperor (V.1);Kamigawa: Neon Dynasty: Extras;Mythic;1;1;6;0;0;0;29.59
704920;Sheoldred // The True Scriptures (V.1);March of the Machine: Extras;Mythic;1;7;6;0;0;0;18.96
703561;Sword of Once and Future;March of the Machine: Extras;Mythic;1;7;6;1;0;0;16.99
284409;Godless Shrine;Zendikar Expeditions;Masterpiece;1;1;6;1;0;0;95.24
259836;Watery Grave;Gatecrash;Rare;1;7;4;0;0;0;13.92
242662;Inexorable Tide;Scars of Mirrodin;Rare;1;2;5;0;0;0;12.00
718473;The One Ring;The Lord of the Rings: Tales of Middle-earth: Promos;Mythic;1;1;6;1;0;0;195.00
566480;Ragavan, Nimble Pilferer;Modern Horizons 2;Mythic;1;1;4;0;0;0;46.19
609064;Boseiju, Who Endures (V.1);Kamigawa: Neon Dynasty: Promos;Rare;1;1;6;1;0;0;62.65
536257;Vorinclex, Monstrous Raider (V.2);Kaldheim: Promos;Mythic;1;1;6;0;0;0;1000.00
358604;Spellseeker;Battlebond;Rare;1;1;5;0;0;0;17.42
326;Darksteel Forge;Darksteel;Rare;1;2;2;1;0;0;99999.00
557087;Teferi's Protection (V.2);Mystical Archive;Mythic;1;7;6;0;0;0;35.26
482689;Jace, the Mind Sculptor;Double Masters;Mythic;1;3;6;0;0;0;28.15
266618;Mana Confluence;Journey into Nyx;Rare;1;2;6;0;0;0;31.06
512880;Sakashima of a Thousand Faces;Commander Legends;Mythic;1;1;5;0;0;0;26.01
568445;Marsh Flats;Modern Horizons 2: Promos;Rare;1;1;6;1;0;0;20.16
375012;Sword of Sinew and Steel;Modern Horizons;Mythic;1;2;5;1;0;0;17.70
486044;Thoughtseize;Double Masters;Rare;1;3;6;0;0;0;18.90
673418;Leyline Binding (V.1);Dominaria United: Promos;Rare;1;1;6;1;0;0;17.92
290134;Toxic Deluge;Eternal Masters;Rare;1;7;5;0;0;0;11.46
270682;Sylvan Safekeeper;Commander 2014;Rare;1;2;6;0;0;0;14.31
455023;Savai Triome;Ikoria: Lair of Behemoths: Extras;Rare;1;1;5;0;0;0;15.31
569038;Tiamat;Adventures in the Forgotten Realms: Extras;Mythic;1;1;5;0;0;0;12.85
581327;Olivia, Crimson Bride (V.1);Innistrad: Crimson Vow: Extras;Mythic;1;1;6;0;0;0;13.59
559745;Pest Infestation;Commander: Strixhaven: Extras;Rare;1;1;6;0;0;0;10.89
361788;Nylea's Colossus;Commander 2018;Rare;1;2;5;0;0;0;11.78
581666;Hallowed Haunting;Innistrad: Crimson Vow;Mythic;1;1;6;0;0;0;11.99
267108;Dack Fayden;Conspiracy;Mythic;1;1;6;0;0;0;12.54
572467;Tasha's Hideous Laughter (V.1);Adventures in the Forgotten Realms: Promos;Rare;1;1;6;1;0;0;1000.00
532367;Birgi, God of Storytelling // Harnfel, Horn of Bounty;Kaldheim: Extras;Rare;3;1;6;1;0;0;19.99
270516;Cathars' Crusade;Commander 2014;Rare;1;2;1;0;0;0;13.95
665809;Smothering Tithe (V.1);Double Masters 2022: Extras;Rare;1;7;6;0;0;0;28.19
548301;Urborg, Tomb of Yawgmoth;Time Spiral Remastered;Rare;1;2;6;0;0;0;28.84
455023;Savai Triome;Ikoria: Lair of Behemoths: Extras;Rare;1;2;6;0;0;0;14.91
664937;Anguished Unmaking;Double Masters 2022: Extras;Rare;1;7;6;0;0;0;19.41
697762;Faerie Mastermind;March of the Machine;Rare;1;1;5;1;0;0;12.43
484519;Mazirek, Kraul Death Priest;Double Masters;Rare;1;1;6;0;0;0;10.90
285806;Arachnogenesis;Commander 2015;Rare;1;1;5;0;0;0;12.07
391677;Dockside Extortionist;Commander 2019;Rare;1;2;6;0;0;0;59.15
706391;Sword of Once and Future (V.1);March of the Machine: Promos;Mythic;1;1;6;1;0;0;11.75
716071;Delighted Halfling (V.2);The Lord of the Rings: Tales of Middle-earth: Extras;Rare;1;1;6;1;0;0;21.71
716194;Gollum, Scheming Guide (V.2);The Lord of the Rings: Tales of Middle-earth: Extras;Rare;1;1;6;0;0;0;11.60
705048;Umori, the Collector (V.4);Multiverse Legends;Rare;1;1;6;1;0;0;598.13
716078;Last March of the Ents;The Lord of the Rings: Tales of Middle-earth: Extras;Mythic;1;1;6;0;0;0;11.31
2732;Deserted Temple;Odyssey;Rare;1;7;5;0;0;0;14.98
8323;Lion's Eye Diamond;Mirage;Rare;1;2;2;0;0;0;329.99
17830;Spellstutter Sprite;Lorwyn;Common;1;1;6;1;0;0;84.48
2408;Cabal Coffers;Torment;Uncommon;1;2;4;1;0;0;81.00
259847;Crypt Ghast;Gatecrash;Rare;1;1;6;1;0;0;69.95
22160;Amulet of Vigor;Worldwake;Rare;1;1;6;1;0;0;70.00
11822;Shrieking Mogg;Nemesis;Rare;1;2;6;1;0;0;35.00
16122;Mana Vault;Foreign White Bordered;Rare;1;2;4;0;0;0;29.89
9031;Sapphire Medallion;Tempest;Rare;1;1;5;0;0;0;20.50
282854;Dark Confidant;Modern Masters 2015;Mythic;1;1;6;1;0;0;26.27
7679;City of Brass;Chronicles;Rare;1;1;6;0;0;0;22.00
12873;Ninja of the Deep Hours;Betrayers of Kamigawa;Common;1;1;5;1;0;0;27.99
326;Darksteel Forge;Darksteel;Rare;1;2;3;0;0;0;20.09
9035;Static Orb;Tempest;Rare;1;1;6;0;0;0;16.00
12119;Myojin of Infinite Rage;Champions of Kamigawa;Rare;1;1;4;1;0;0;15.90
10397;Goblin Lackey;Urza's Saga;Uncommon;1;1;6;0;0;0;17.45
508;Mycosynth Golem;Fifth Dawn;Rare;1;2;4;0;0;0;20.48
11435;Bribery;Mercadian Masques;Rare;1;1;5;0;0;0;10.03
18894;Maralen of the Mornsong;Morningtide;Rare;1;1;6;0;0;0;14.77
2741;Tarnished Citadel;Odyssey;Rare;1;4;5;0;0;0;13.30
8837;Whim of Volrath;Tempest;Rare;1;1;4;0;0;0;10.88
282789;Primeval Titan;Modern Masters 2015;Mythic;1;1;6;1;0;0;11.65
1028;Faces of the Past;Scourge;Rare;1;2;4;1;0;0;11.33
242517;Sword of Body and Mind;Scars of Mirrodin;Mythic;1;1;6;0;0;0;10.29
12526;Seedborn Muse;Ninth Edition;Rare;1;2;6;0;0;0;19.60
2031;Riptide Director;Legions;Rare;1;2;6;1;0;0;13.64
295893;Tarmogoyf;Modern Masters 2017;Mythic;4;1;6;1;0;0;40.84
302075;Vanquisher's Banner;Ixalan: Promos;Rare;1;1;6;1;0;0;27.50
298691;Razaketh, the Foulblooded;Hour of Devastation;Mythic;1;7;6;0;0;0;10.75
315293;The Immortal Sun;Rivals of Ixalan;Mythic;1;2;6;0;0;0;12.42
293641;Burgeoning;Commander 2016;Rare;1;1;6;0;0;0;17.43
292492;Botanical Sanctum;Kaladesh;Rare;1;1;6;1;0;0;13.50
292492;Botanical Sanctum;Kaladesh;Rare;1;2;6;1;0;0;12.95
293507;Iroas, God of Victory;Commander 2016;Mythic;1;1;6;0;0;0;15.00
301405;Growing Rites of Itlimoc // Itlimoc, Cradle of the Sun;Ixalan;Rare;1;2;5;0;0;0;13.90
311231;Time Warp;Explorers of Ixalan;Mythic;1;1;5;0;0;0;15.01
294829;Walking Ballista;Aether Revolt;Rare;1;1;6;0;0;0;14.81
290982;Collective Brutality;Eldritch Moon;Rare;1;2;6;1;0;0;12.76
294829;Walking Ballista;Aether Revolt;Rare;1;2;6;0;0;0;14.17
358396;Doubling Season;Battlebond;Mythic;1;1;6;0;0;0;36.69
374424;Force of Negation;Modern Horizons;Rare;1;1;6;1;0;0;70.51
374517;Waterlogged Grove;Modern Horizons;Rare;1;1;6;1;0;0;24.81
319035;Eidolon of the Great Revel;Masters 25;Rare;1;1;6;1;0;0;23.35
374454;Flusterstorm;Buy a Box Promos;Rare;3;2;6;0;0;0;17.00
358874;Wurmcoil Engine;Commander Anthology II;Mythic;1;1;6;0;0;0;14.46
361788;Nylea's Colossus;Commander 2018;Rare;1;1;6;0;0;0;12.55
319254;Luminarch Ascension;Masters 25;Rare;1;1;6;0;0;0;11.62
484369;Force of Will;Double Masters;Mythic;1;1;6;1;0;0;100.60
431294;Thassa's Oracle;Theros Beyond Death: Extras;Rare;1;1;6;1;0;0;75.10
441643;Meren of Clan Nel Toth;Secret Lair Drop Series;Mythic;1;1;6;1;0;0;44.42
453113;Fierce Guardianship;Commander: Ikoria;Rare;2;1;6;0;0;0;37.18
482689;Jace, the Mind Sculptor;Double Masters;Mythic;1;1;6;0;0;0;29.43
482739;Sword of War and Peace;Double Masters: Extras;Mythic;1;1;6;0;0;0;21.29
431469;Dryad of the Ilysian Grove;Theros Beyond Death: Extras;Rare;1;1;6;0;0;0;18.18
476094;Conspicuous Snoop (V.2);Core 2021: Promos;Rare;1;1;6;1;0;0;19.00
461319;Raugrin Triome (V.1);Ikoria: Lair of Behemoths: Promos;Rare;1;2;6;0;0;0;16.00
403634;Rankle, Master of Pranks (V.1);Throne of Eldraine: Promos;Mythic;1;1;6;1;0;0;14.99
421491;Carpet of Flowers;Mystery Booster;Uncommon;1;1;6;0;0;0;13.87
474294;Linvala, Keeper of Silence;Jumpstart;Mythic;1;1;5;0;0;0;15.97
455583;Ruinous Ultimatum;Ikoria: Lair of Behemoths: Extras;Rare;1;1;6;0;0;0;11.34
435184;Setessan Champion (V.1);Theros Beyond Death: Promos;Rare;1;2;6;1;0;0;13.26
494909;Windswept Heath;Zendikar Rising Expeditions;Mythic;1;2;6;1;0;0;2000.00
512880;Sakashima of a Thousand Faces;Commander Legends;Mythic;1;1;6;1;0;0;34.95
486194;Sword of Light and Shadow;Double Masters: Extras;Mythic;1;1;6;0;0;0;29.54
512880;Sakashima of a Thousand Faces;Commander Legends;Mythic;1;2;6;0;0;0;25.32
510785;Scroll Rack;Commander Legends;Mythic;1;2;6;1;0;0;21.19
494734;Sea of Clouds;Zendikar Rising Expeditions;Mythic;1;2;6;1;0;0;16.64
509910;Tevesh Szat, Doom of Fools;Commander Legends;Mythic;1;2;6;1;0;0;15.00
510050;Xenagos, God of Revels;Commander Legends: Extras;Mythic;2;2;6;1;0;0;16.27
510725;Najeela, the Blade-Blossom;Commander Legends: Extras;Mythic;1;2;6;1;0;0;15.99
492089;Undergrowth Stadium;Commander Legends: Extras;Rare;1;2;6;0;0;0;19.89
495434;Emeria's Call // Emeria, Shattered Skyclave;Zendikar Rising;Mythic;1;1;6;1;0;0;14.44
485964;Batterskull;Double Masters: Extras;Mythic;2;1;6;0;0;0;13.78
495089;Bountiful Promenade;Zendikar Rising Expeditions;Mythic;1;1;6;1;0;0;13.36
492079;Spectator Seating;Commander Legends: Extras;Rare;2;2;6;0;0;0;16.00
492084;Training Center;Commander Legends: Extras;Rare;1;2;6;0;0;0;17.89
510545;Court of Grace;Commander Legends: Extras;Rare;1;2;6;1;0;0;14.90
491944;Worldly Tutor;Commander Collection: Green;Rare;1;1;6;0;0;0;10.36
542961;Master of the Pearl Trident;Time Spiral Remastered: Extras;Time Shifted;4;1;6;1;0;0;149.99
545166;Monastery Swiftspear;Time Spiral Remastered: Extras;Time Shifted;1;1;6;1;0;0;57.71
528982;Cavern of Souls;The List;Rare;1;1;6;0;0;0;47.60
567745;Force of Negation (V.2);Modern Horizons: Retro Frame Cards;Rare;1;2;6;1;0;0;55.67
567747;Urza, Lord High Artificer (V.2);Modern Horizons: Retro Frame Cards;Mythic;1;1;6;1;0;0;31.45
543656;Dismember;Time Spiral Remastered: Extras;Time Shifted;2;1;6;1;0;0;51.13
564651;Urza's Saga;Modern Horizons 2: Extras;Rare;1;2;6;0;0;0;42.96
532952;Orvar, the All-Form;Kaldheim;Mythic;1;1;6;1;0;0;17.99
543726;Thoughtseize;Time Spiral Remastered: Extras;Time Shifted;3;2;6;0;0;0;27.10
545241;Tarmogoyf;Time Spiral Remastered;Mythic;1;1;6;0;0;0;14.85
543411;Leyline of the Void;Time Spiral Remastered: Extras;Time Shifted;1;2;6;0;0;0;10.84
554118;Professor Onyx;Strixhaven: School of Mages;Mythic;1;1;6;0;0;0;10.09
664277;Kozilek, Butcher of Truth (V.3);Double Masters 2022: Extras;Mythic;1;1;6;1;0;0;102.04
663976;Imperial Seal;Double Masters 2022;Mythic;1;1;6;1;0;0;90.98
663972;Mana Vault;Double Masters 2022;Mythic;1;1;6;0;0;0;41.81
664531;Seasoned Pyromancer (V.1);Double Masters 2022: Extras;Mythic;1;1;6;0;0;0;27.40
671549;Liliana of the Veil;Dominaria United: Extras;Mythic;1;1;6;1;0;0;24.41
661376;Black Market Connections (V.1);Commander Legends: Battle for Baldur's Gate: Extras;Rare;1;2;6;0;0;0;32.33
572215;Klauth, Unrivaled Ancient;Commander: Adventures in the Forgotten Realms;Mythic;1;2;6;1;0;0;20.91
668456;Concordant Crossroads;Secret Lair Drop Series: April Superdrop 2022;Rare;1;1;6;1;0;0;16.46
682643;Altar of Dementia (V.2);Retro Frame Artifacts;Mythic;1;1;6;1;0;0;14.38
682691;Diabolic Intent;The Brothers' War: Extras;Rare;1;7;6;1;0;0;13.50
583916;Blood Moon;The List;Rare;1;1;6;0;0;0;11.66
663195;Ashiok, Dream Render;Secret Lair Drop Series: February Superdrop 2022;Rare;1;1;6;1;0;0;12.01
581666;Hallowed Haunting;Innistrad: Crimson Vow;Mythic;1;1;5;0;0;0;11.79
573824;Wrenn and Seven;Innistrad: Midnight Hunt: Extras;Mythic;1;1;6;0;0;0;10.04
611272;Xander's Lounge;Streets of New Capenna;Rare;1;1;6;0;0;0;10.81
665813;Surgical Extraction (V.1);Double Masters 2022: Extras;Rare;1;7;6;1;0;0;13.88
653191;Ziatora's Proving Ground (V.2);Streets of New Capenna: Promos;Rare;1;2;6;1;0;0;10.33
718006;Thorn of Amethyst (V.2);Commander: The Lord of the Rings: Tales of Middle-earth: Extras;Mythic;1;1;6;1;0;0;200.00
688477;No Mercy (V.2);Dominaria Remastered: Extras;Mythic;1;7;6;0;0;0;11.81
710819;Toxin Sliver (V.2);Secret Lair Drop Series;Rare;1;1;6;1;0;0;20.63
8538;Squandered Resources;Visions;Rare;1;2;4;0;0;0;15.00
8098;Tombstone Stairwell;Mirage;Rare;2;2;4;0;0;0;10.51
374523;Prismatic Vista;Modern Horizons;Rare;1;1;6;0;0;0;31.02
466234;Ugin, the Spirit Dragon;Core 2021;Mythic;1;2;5;1;0;0;28.75
1764;Cover of Darkness;Onslaught;Rare;1;2;4;0;0;0;26.49
380226;Field of the Dead (V.1);Core 2020: Extras;Rare;1;2;6;1;0;0;24.95
577363;Morophon, the Boundless;Innistrad: Midnight Hunt: Promos;Mythic;1;2;6;1;0;0;50.00
1132;Sliver Overlord;Scourge;Rare;1;2;1;0;0;0;37.99
653086;Ledger Shredder (V.2);Streets of New Capenna: Promos;Rare;1;2;5;1;0;0;15.56
581688;Toxrill, the Corrosive;Innistrad: Crimson Vow;Mythic;1;1;6;0;0;0;18.48
10147;Winds of Change;Portal;Rare;1;2;5;0;0;0;21.00
773;Grave Pact;Eighth Edition;Rare;1;2;1;0;0;0;14.76
380250;Cavalier of Dawn (V.1);Core 2020: Extras;Mythic;1;2;6;0;0;0;20.00
21782;Archive Trap;Zendikar;Rare;1;2;5;0;0;0;11.28
659521;Weathered Sentinels;Commander: Streets of New Capenna: Promos;Rare;1;2;5;1;0;0;19.95
609432;Eiganjo, Seat of the Empire (V.2);Kamigawa: Neon Dynasty: Promos;Rare;1;2;4;1;0;0;1000.00
9415;Necropotence;Fifth Edition;Rare;1;1;6;0;0;0;21.99
267763;The Chain Veil;Magic 2015;Mythic;1;1;5;0;0;0;13.30
710196;Nissa, Resurgent Animist;March of the Machine: The Aftermath;Mythic;2;1;6;0;0;0;33.35
6874;Ashnod's Altar;Antiquities;Uncommon;1;1;5;0;0;0;29.11
686810;Rhystic Study;Jumpstart 2022;Rare;1;3;6;0;0;0;33.19
6254;Necropotence;Ice Age;Rare;1;1;4;0;0;0;24.09
3939;Rhystic Study;Prophecy;Common;2;1;4;0;0;0;24.16
6254;Necropotence;Ice Age;Rare;2;2;3;0;0;0;22.06
664235;Bitterblossom;Double Masters 2022;Mythic;1;7;6;0;0;0;21.15
6935;Powerleech;Antiquities;Uncommon;1;1;3;0;0;0;17.45
8542;Anvil of Bogardan;Visions;Rare;1;2;5;0;0;0;21.07
8734;Scorched Ruins;Weatherlight;Rare;1;2;3;0;0;0;23.99
9292;Hatred;Exodus;Rare;1;2;1;0;0;0;18.00
581688;Toxrill, the Corrosive;Innistrad: Crimson Vow;Mythic;1;2;6;0;0;0;17.68
710456;Ob Nixilis, Captive Kingpin (V.1);March of the Machine: The Aftermath: Extras;Mythic;1;1;6;0;0;0;16.00
686371;Lita, Mechanical Engineer;Jumpstart 2022;Mythic;1;3;6;0;0;0;14.33
13333;Cloudstone Curio;Ravnica: City of Guilds;Rare;1;6;5;0;0;0;14.71
710172;Calix, Guided by Fate;March of the Machine: The Aftermath;Mythic;1;1;6;0;0;0;25.22
566307;Grist, the Hunger Tide (V.1);Modern Horizons 2: Extras;Mythic;1;2;5;0;0;0;14.25
7128;Kobold Taskmaster;Legends;Uncommon;1;1;4;0;0;0;10.96
7302;Dance of Many;The Dark;Rare;1;1;5;0;0;0;10.38
9779;Winter Orb;Fifth Edition;Rare;1;1;4;0;0;0;11.95
8669;Firestorm;Weatherlight;Rare;1;1;5;0;0;0;13.09
293637;Benefactor's Draught;Commander 2016;Rare;1;3;6;0;0;0;11.00
710186;Karn, Legacy Reforged;March of the Machine: The Aftermath;Mythic;1;1;6;0;0;0;12.29
3266;Orim's Chant;Planeshift;Rare;1;2;5;0;0;0;12.18
7126;Kobold Drill Sergeant;Legends;Uncommon;1;1;4;0;0;0;13.40
8415;Necromancy;Visions;Uncommon;1;2;3;0;0;0;11.58
319253;Pact of Negation;Masters 25;Rare;1;1;6;0;0;0;11.57
8415;Necromancy;Visions;Uncommon;1;2;2;0;0;0;11.20
6291;Illusions of Grandeur;Ice Age;Rare;1;1;6;0;0;0;13.99
686959;Benevolent Hydra;Jumpstart 2022;Rare;1;3;6;0;0;0;10.69
264080;Erebos, God of the Dead;Theros;Mythic;1;7;6;0;0;0;11.29
250079;Winter Orb;WCD 1997: Svend Geertsen;Special;1;1;6;0;0;0;89.00
652404;Damning Verdict;Commander: Streets of New Capenna;Rare;3;1;6;0;0;0;10.32
14223;Pongify;Planar Chaos;Uncommon;1;5;4;1;0;0;10.11
14457;Righteous Fury;Starter 1999;Rare;1;1;6;0;0;0;20.22
9961;Righteous Fury;Portal Second Age;Rare;1;1;6;0;0;0;51.27
682908;Mox Amber (V.1);Retro Frame Artifacts;Mythic;1;1;6;0;0;0;29.53
683330;Awaken the Woods;The Brothers' War;Mythic;2;1;6;0;0;0;13.06
611270;Raffine's Tower;Streets of New Capenna;Rare;1;1;6;1;0;0;14.78
571953;Hermit Druid;The List;Rare;1;1;6;0;0;0;11.57
576042;Unholy Grotto;The List;Rare;1;1;6;0;0;0;10.73
558823;Veyran, Voice of Duality;Commander: Strixhaven: Extras;Mythic;1;2;6;0;0;0;42.00
510875;Preordain;Commander Legends: Extras;Common;1;2;6;0;0;0;11.99
559540;Incarnation Technique;Commander: Strixhaven: Extras;Rare;1;2;6;0;0;0;10.49
611271;Spara's Headquarters;Streets of New Capenna;Rare;1;1;6;0;0;0;10.96
15363;Armageddon;Foreign Black Bordered;Rare;1;3;2;0;0;0;24.44
358753;Goblin Welder;Commander Anthology II;Rare;1;1;5;0;0;0;13.63
9095;Grave Pact;Stronghold;Rare;1;3;5;0;0;0;15.00
3081;Static Orb;Seventh Edition;Rare;1;1;5;0;0;0;12.00
8040;Soldevi Excavations;Alliances;Rare;1;2;3;0;0;0;11.39
8098;Tombstone Stairwell;Mirage;Rare;1;1;4;0;0;0;11.02
6291;Illusions of Grandeur;Ice Age;Rare;1;1;5;0;0;0;10.52
12526;Seedborn Muse;Ninth Edition;Rare;1;2;2;0;0;0;13.59
9961;Righteous Fury;Portal Second Age;Rare;1;2;2;0;0;0;12.73
483769;Breya, Etherium Shaper;Double Masters;Mythic;2;1;6;1;0;0;10.01
482669;Wurmcoil Engine;Double Masters;Mythic;1;1;6;0;0;0;14.71
486039;Ad Nauseam;Double Masters;Rare;2;1;6;0;0;0;10.30
484019;Sunken Ruins;Double Masters;Rare;2;1;6;0;0;0;19.23
265852;Phenax, God of Deception;Born of the Gods;Mythic;4;1;6;1;0;0;30.80
285740;Mazirek, Kraul Death Priest;Commander 2015;Mythic;2;7;6;0;0;0;10.53
361706;Retrofitter Foundry;Commander 2018;Rare;2;1;6;0;0;0;19.27
7679;City of Brass;Chronicles;Rare;2;1;4;0;0;0;15.33
509930;Vampiric Tutor;Commander Legends;Mythic;1;2;6;1;0;0;33.89
13272;Stomping Ground;Guildpact;Rare;2;2;4;0;0;0;10.67
298691;Razaketh, the Foulblooded;Hour of Devastation;Mythic;2;1;6;0;0;0;10.75
6221;Demonic Consultation;Ice Age;Uncommon;2;1;5;0;0;0;10.60
452003;Shark Typhoon;Ikoria: Lair of Behemoths;Rare;2;1;6;0;0;0;11.60
472549;Tinybones, Trinket Thief;Jumpstart;Mythic;2;1;6;0;0;0;13.39
266561;Iroas, God of Victory;Journey into Nyx;Mythic;4;1;6;1;0;0;34.88
17886;Thoughtseize;Lorwyn;Rare;2;2;6;0;0;0;22.00
466234;Ugin, the Spirit Dragon;Core 2021;Mythic;3;1;6;0;0;0;29.73
374508;Sunbaked Canyon;Modern Horizons;Rare;3;1;6;0;0;0;15.74
564644;Scalding Tarn;Modern Horizons 2;Rare;1;2;6;0;0;0;23.40
8224;Final Fortune;Mirage;Rare;2;2;3;0;0;0;11.10
282779;Noble Hierarch;Modern Masters 2015;Rare;1;1;5;0;0;0;10.41
419321;Torment of Hailfire;Mystery Booster;Rare;1;1;6;0;0;0;15.35
13333;Cloudstone Curio;Ravnica: City of Guilds;Rare;2;1;5;0;0;0;16.14
577154;Arcane Signet (V.2);Secret Lair Drop Series;Rare;4;1;6;1;0;0;42.50
581200;Primal Vigor;Secret Lair Drop Series: All-Natural, Totally Refreshing Superdrop;Rare;4;1;6;1;0;0;23.09
581232;Sakura-Tribe Elder;Secret Lair Drop Series: All-Natural, Totally Refreshing Superdrop;Rare;4;1;6;1;0;0;14.94
688222;Blightsteel Colossus;Secret Lair Drop Series: December Superdrop 2022;Mythic;4;1;6;0;0;0;44.99
609872;Grim Tutor;Secret Lair Drop Series: MSCHF;Mythic;2;1;6;1;0;0;16.41
605060;Brazen Borrower // Petty Theft;Secret Lair Drop Series: Out of Time Superdrop;Mythic;4;1;6;1;0;0;33.41
605063;Ohran Frostfang;Secret Lair Drop Series: Out of Time Superdrop;Rare;4;1;6;1;0;0;29.99
611273;Ziatora's Proving Ground;Streets of New Capenna;Rare;2;1;6;0;0;0;10.26
542996;Pact of Negation;Time Spiral Remastered;Rare;1;1;6;0;0;0;11.11
371841;Teferi, Time Raveler;War of the Spark;Rare;1;1;6;0;0;0;14.58
485984;Avacyn, Angel of Hope;Double Masters: Extras;Mythic;3;1;6;1;0;0;123.65
482714;Urza's Power Plant;Double Masters: Extras;Rare;2;1;6;1;0;0;25.58
510965;Thrasios, Triton Hero;Commander Legends: Extras;Mythic;2;2;6;1;0;0;27.37
510130;Vial Smasher the Fierce;Commander Legends: Extras;Mythic;2;2;6;1;0;0;13.00
455003;Ketria Triome;Ikoria: Lair of Behemoths: Extras;Rare;1;1;5;0;0;0;15.58
527575;Youthful Valkyrie;Kaldheim: Extras;Uncommon;4;1;6;0;0;0;10.52
574704;Deserted Beach;Innistrad: Midnight Hunt: Extras;Rare;3;1;6;1;0;0;14.57
581689;Toxrill, the Corrosive;Innistrad: Crimson Vow: Extras;Mythic;3;1;6;0;0;0;17.42
498440;Mycosynth Golem;The List;Rare;2;1;6;0;0;0;22.33
716083;The One Ring (V.2);The Lord of the Rings: Tales of Middle-earth: Extras;Mythic;1;1;6;1;0;0;60.61
529512;Vorinclex, Monstrous Raider (V.2);Kaldheim: Extras;Mythic;1;1;6;0;0;0;43.67
721727;Capture of Jingzhou;Commander Masters;Mythic;1;1;6;0;0;0;24.47
564645;Urza's Saga;Modern Horizons 2;Rare;2;1;6;0;0;0;42.34
417196;Expropriate;Mystery Booster;Mythic;2;1;6;0;0;0;18.14
688371;Dark Depths (V.2);Dominaria Remastered: Extras;Mythic;1;1;6;1;0;0;14.85
529307;Valki, God of Lies // Tibalt, Cosmic Impostor (V.1);Kaldheim: Extras;Mythic;1;1;6;0;0;0;11.27
530367;Esika's Chariot;Kaldheim;Rare;1;1;6;0;0;0;10.77
688393;Entomb (V.2);Dominaria Remastered: Extras;Rare;1;1;6;1;0;0;11.60
11017;Fervor;Sixth Edition;Rare;1;1;6;0;0;0;12.00
658448;Battle Angels of Tyr;Commander Legends: Battle for Baldur's Gate;Mythic;3;1;6;0;0;0;22.83
660706;Archivist of Oghma;Commander Legends: Battle for Baldur's Gate;Rare;2;1;6;0;0;0;10.83
527465;Hengegate Pathway // Mistgate Pathway;Kaldheim: Extras;Rare;4;1;6;0;0;0;11.08
391677;Dockside Extortionist;Commander 2019;Rare;1;1;6;0;0;0;61.84
8423;Vampiric Tutor;Visions;Rare;1;1;5;0;0;0;33.95
293676;Thrasios, Triton Hero;Commander 2016;Rare;1;1;5;1;0;0;23.00
443298;Minamo, School at Water's Edge;Mystery Booster;Rare;1;1;5;1;0;0;20.28
12092;Kokusho, the Evening Star;Champions of Kamigawa;Rare;1;1;6;0;0;0;19.95
10447;Carpet of Flowers;Urza's Saga;Uncommon;1;1;5;0;0;0;16.60
415786;Elesh Norn, Grand Cenobite;Mystery Booster;Mythic;2;1;6;0;0;0;14.72
2741;Tarnished Citadel;Odyssey;Rare;1;1;4;0;0;0;12.78
431289;Thassa's Oracle;Theros Beyond Death;Rare;1;1;5;0;0;0;11.71
299889;Land Equilibrium;Legends Italian;Rare;2;5;5;0;0;0;46.73
295924;Cyclonic Rift;Modern Masters 2017;Rare;1;1;5;0;0;0;26.71
262022;Pact of Negation;Modern Masters;Rare;2;1;6;0;0;0;11.36
293501;Tymna the Weaver;Commander 2016;Rare;1;1;4;1;0;0;33.00
296596;Worship;Amonkhet Invocations;Masterpiece;4;1;6;1;0;0;21.39
368077;Blood Crypt;Ravnica Allegiance;Rare;2;1;6;0;0;0;18.95
312683;Bloodline Keeper / Lord of Lineage;From the Vault: Transform;Mythic;4;1;6;1;0;0;14.05
363550;Watery Grave;Guilds of Ravnica;Rare;1;1;6;0;0;0;14.12
403994;Questing Beast (V.2);Throne of Eldraine: Promos;Mythic;1;1;6;1;0;0;10.08
452213;Deflecting Swat;Commander: Ikoria;Rare;4;1;6;0;0;0;27.70
287051;Wastes (V.3);Oath of the Gatewatch;Land;12;2;6;1;0;0;19.99
228;Platinum Angel;Mirrodin;Rare;1;1;4;1;0;0;30.26
5125;Howling Mine;Unlimited;Rare;1;1;3;0;0;0;139.99
5127;Icy Manipulator;Unlimited;Uncommon;1;1;2;0;0;0;98.01
7218;Hammerheim;Legends;Uncommon;1;1;2;0;0;0;22.79
14273;Akroma, Angel of Fury;Planar Chaos;Rare;1;1;4;1;0;0;35.42
14273;Akroma, Angel of Fury;Planar Chaos;Rare;1;1;3;1;0;0;34.09
495990;Sea Gate Restoration // Sea Gate, Reborn;Zendikar Rising;Mythic;1;1;6;0;0;0;22.66
681768;Gix, Yawgmoth Praetor;The Brothers' War;Mythic;1;1;3;1;0;0;10.22
564641;Arid Mesa;Modern Horizons 2;Rare;4;1;6;0;0;0;14.39
15338;Lightning Bolt;Foreign Black Bordered;Common;1;2;3;0;0;0;12.20
6218;Dance of the Dead;Ice Age;Uncommon;1;1;4;0;0;0;14.10
6221;Demonic Consultation;Ice Age;Uncommon;1;1;6;0;0;0;12.13
575349;Preordain;Secret Lair Drop Series: Dr. Lair's Secretorium Superdrop;Rare;2;1;6;0;0;0;30.12
514724;Aesi, Tyrant of Gyre Strait;Commander Legends: Extras;Mythic;3;1;6;1;0;0;20.21
607021;Boseiju, Who Endures (V.1);Kamigawa: Neon Dynasty: Extras;Rare;1;1;4;0;0;0;51.97
378693;Sorin, Imperious Bloodlord;Core 2020;Mythic;1;1;6;0;0;0;16.68
609559;Sakashima's Student;The List;Rare;1;1;6;0;0;0;15.66
250610;Bloodline Keeper / Lord of Lineage;Innistrad;Rare;1;1;4;0;0;0;11.00
568814;Aether Vial;The List;Uncommon;1;1;6;0;0;0;12.63
529527;Goldspan Dragon;Kaldheim;Mythic;3;1;6;0;0;0;12.44
292633;Aether Vial;Kaladesh Inventions;Masterpiece;3;1;6;1;0;0;168.60
566525;Esper Sentinel;Modern Horizons 2;Rare;1;1;6;0;0;0;23.09
564643;Misty Rainforest;Modern Horizons 2;Rare;3;1;6;0;0;0;22.77
10330;Contamination;Urza's Saga;Rare;1;8;3;0;0;0;11.97
8170;Hall of Gemstone;Mirage;Rare;1;2;3;0;0;0;10.36
368079;Breeding Pool;Ravnica Allegiance;Rare;2;1;6;0;0;0;19.14
548301;Urborg, Tomb of Yawgmoth;Time Spiral Remastered;Rare;3;1;6;0;0;0;30.15
250553;Snapcaster Mage;Innistrad;Rare;1;6;6;0;0;0;16.57
264006;Thoughtseize;Theros;Rare;1;1;6;0;0;0;17.55
664297;Damnation;Double Masters 2022;Rare;1;7;6;0;0;0;18.24
664297;Damnation;Double Masters 2022;Rare;1;1;6;0;0;0;18.24
484359;Walking Ballista;Double Masters;Rare;1;1;6;0;0;0;15.84
565741;Cabal Coffers (V.1);Modern Horizons 2;Mythic;4;1;6;0;0;0;12.47
683445;Cityscape Leveler;The Brothers' War;Mythic;3;1;6;0;0;0;24.56
423521;Coat of Arms;Mystery Booster;Rare;2;1;6;0;0;0;12.04
581222;Wasteland;Secret Lair Drop Series: All-Natural, Totally Refreshing Superdrop;Rare;4;1;6;1;0;0;27.50
728037;Beseech the Mirror;Wilds of Eldraine;Mythic;1;1;6;0;0;0;27.89
728406;Doubling Season (V.1);Enchanting Tales;Mythic;1;1;6;1;0;0;35.68
728526;Smothering Tithe (V.2);Enchanting Tales;Mythic;1;1;6;0;0;0;37.36
731649;The Meathook Massacre;The List;Mythic;1;1;6;0;0;0;30.25
728391;Smothering Tithe (V.1);Enchanting Tales;Mythic;1;1;6;1;0;0;18.58
728489;Parallel Lives (V.1);Enchanting Tales;Mythic;2;1;6;0;0;0;17.33
728523;Bitterblossom (V.2);Enchanting Tales;Mythic;1;1;6;0;0;0;17.26
728391;Smothering Tithe (V.1);Enchanting Tales;Mythic;1;1;6;0;0;0;15.32
731672;Minsc & Boo, Timeless Heroes;The List;Mythic;1;1;6;0;0;0;10.95
564651;Urza's Saga;Modern Horizons 2: Extras;Rare;1;1;6;1;0;0;74.99
566612;Endurance;Modern Horizons 2;Mythic;1;1;6;0;0;0;43.60
389667;Chulane, Teller of Tales;Throne of Eldraine: Extras;Mythic;1;1;4;1;0;0;13.04
527445;Darkbore Pathway // Slitherbore Pathway;Kaldheim: Extras;Rare;1;1;6;1;0;0;12.16
611271;Spara's Headquarters;Streets of New Capenna;Rare;1;1;5;0;0;0;10.77
671743;The Reaver Cleaver;Commander: Dominaria United;Rare;3;1;6;0;0;0;11.85
729380;Te KƒÅ - Heartless;The First Chapter;Legendary;1;2;6;0;0;0;18.00
729330;Belle - Strange but Special (V.1);The First Chapter;Legendary;1;1;6;0;0;0;28.00
727007;Mickey Mouse - Detective;Promos;Promo;1;1;5;1;0;0;24.99
673804;Sheoldred, the Apocalypse (V.2);Dominaria United: Promos;Mythic;1;1;6;0;0;0;120.00
692409;Mondrak, Glory Dominus (V.1);Phyrexia: All Will Be One: Extras;Mythic;1;1;6;1;0;0;22.93
651287;Ledger Shredder;Streets of New Capenna: Extras;Rare;1;1;6;0;0;0;16.20
718451;Flame of Anor;The Lord of the Rings: Tales of Middle-earth: Promos;Rare;1;1;6;1;0;0;20.00
572548;Teleportation Circle (V.2);Adventures in the Forgotten Realms: Promos;Rare;1;1;6;1;0;0;16.48
703222;Wrenn and Realmbreaker;March of the Machine: Extras;Mythic;1;1;6;1;0;0;13.81
558105;Beledros Witherbloom;Strixhaven: School of Mages;Mythic;1;1;6;0;0;0;13.00
671737;Plaza of Heroes;Dominaria United: Extras;Rare;1;1;5;1;0;0;12.14
316234;Goblin Welder;Duel Decks: Elves vs. Inventors;Mythic;1;1;5;1;0;0;12.55
695510;Phyrexian Obliterator (V.2);Phyrexia: All Will Be One: Promos;Mythic;1;1;6;0;0;0;13.19
673845;Plaza of Heroes (V.2);Dominaria United: Promos;Rare;1;1;6;0;0;0;10.99
21885;Spell Pierce;Zendikar;Common;1;1;6;1;0;0;19.50
258354;Cyclonic Rift;Return to Ravnica;Rare;2;6;5;0;0;0;24.00
282779;Noble Hierarch;Modern Masters 2015;Rare;1;1;6;0;0;0;10.59
295814;Misty Rainforest;Modern Masters 2017;Rare;1;1;6;0;0;0;22.47
295838;Griselbrand;Modern Masters 2017;Mythic;1;1;6;1;0;0;25.68
316216;Jace, the Mind Sculptor;Masters 25;Mythic;1;1;6;0;0;0;31.87
366231;Urborg, Tomb of Yawgmoth;Ultimate Masters;Rare;1;1;6;0;0;0;31.02
375375;Echo of Eons;Modern Horizons;Mythic;1;1;6;0;0;0;14.57
466384;Grim Tutor;Core 2021: Extras;Mythic;1;2;6;0;0;0;15.06
482729;Karn Liberated;Double Masters;Mythic;2;1;6;0;0;0;15.99
484014;Mystic Gate;Double Masters;Rare;3;1;6;0;0;0;10.25
495079;Blackcleave Cliffs;Zendikar Rising Expeditions;Mythic;1;1;6;0;0;0;11.73
510790;Scroll Rack;Commander Legends: Extras;Mythic;1;2;6;0;0;0;23.49
529312;Valki, God of Lies // Tibalt, Cosmic Impostor (V.2);Kaldheim: Extras;Mythic;4;1;6;0;0;0;10.11
532357;Birgi, God of Storytelling // Harnfel, Horn of Bounty;Kaldheim;Rare;4;1;6;1;0;0;19.99
566767;Dauthi Voidwalker;Modern Horizons 2;Rare;2;1;6;1;0;0;14.36
571440;Old Gnawbone;Adventures in the Forgotten Realms;Mythic;1;1;6;0;0;0;23.37
575335;All Is Dust;Secret Lair Drop Series: Dr. Lair's Secretorium Superdrop;Rare;4;1;6;0;0;0;14.00
575337;Drown in the Loch;Secret Lair Drop Series: Dr. Lair's Secretorium Superdrop;Rare;3;1;6;0;0;0;25.28
575338;Fire Covenant;Secret Lair Drop Series: Dr. Lair's Secretorium Superdrop;Rare;4;1;6;0;0;0;19.99
575339;Fractured Identity;Secret Lair Drop Series: Dr. Lair's Secretorium Superdrop;Rare;4;1;6;0;0;0;10.22
581225;Dryad of the Ilysian Grove;Secret Lair Drop Series: All-Natural, Totally Refreshing Superdrop;Rare;2;1;6;0;0;0;43.08
581230;Metallic Mimic;Secret Lair Drop Series: All-Natural, Totally Refreshing Superdrop;Rare;1;1;6;0;0;0;17.09
581237;Spell Queller;Secret Lair Drop Series: All-Natural, Totally Refreshing Superdrop;Rare;4;1;6;1;0;0;10.31
581239;Archaeomancer;Secret Lair Drop Series: All-Natural, Totally Refreshing Superdrop;Rare;1;1;6;0;0;0;18.95
581241;Bloom Tender;Secret Lair Drop Series: All-Natural, Totally Refreshing Superdrop;Rare;1;1;6;0;0;0;27.52
581259;Elesh Norn, Grand Cenobite;Secret Lair Drop Series: All-Natural, Totally Refreshing Superdrop;Mythic;4;1;6;0;0;0;20.49
581345;Deathcap Glade;Innistrad: Crimson Vow;Rare;3;1;6;0;0;0;10.59
581346;Deathcap Glade;Innistrad: Crimson Vow: Extras;Rare;1;1;6;0;0;0;10.92
581654;Chandra, Dressed to Kill;Innistrad: Crimson Vow;Mythic;1;1;6;0;0;0;12.22
581905;Cultivator Colossus;Innistrad: Crimson Vow;Mythic;3;1;6;0;0;0;11.79
664281;Liliana, the Last Hope (V.1);Double Masters 2022: Extras;Mythic;2;1;6;0;0;0;10.73
665213;City of Brass;Double Masters 2022;Rare;1;7;6;0;0;0;11.48
671359;Sheoldred, the Apocalypse;Dominaria United;Mythic;2;1;6;0;0;0;92.49
672312;Leyline Binding;Dominaria United;Rare;4;1;6;1;0;0;15.73
674259;Utopia Sprawl;Secret Lair Drop Series: June Superdrop 2022;Rare;4;1;6;1;0;0;13.49
674260;Burgeoning;Secret Lair Drop Series: June Superdrop 2022;Rare;4;1;6;0;0;0;16.99
674274;Mystic Remora;Secret Lair Drop Series: June Superdrop 2022;Rare;4;1;6;0;0;0;28.99
692393;Mondrak, Glory Dominus;Phyrexia: All Will Be One;Mythic;1;1;6;0;0;0;21.54
704155;Elesh Norn, Grand Cenobite (V.1);Multiverse Legends;Mythic;2;1;6;0;0;0;12.51
704166;Ragavan, Nimble Pilferer (V.1);Multiverse Legends;Mythic;1;1;6;0;0;0;47.29
716950;Palant√≠r of Orthanc;The Lord of the Rings: Tales of Middle-earth;Mythic;2;1;6;0;0;0;18.31
9212;Ensnaring Bridge;Stronghold;Rare;1;1;4;0;0;0;17.31
682880;Urza's Workshop (V.2);Commander: The Brothers' War: Extras;Rare;2;1;6;0;0;0;11.78
674306;Talisman of Indulgence (V.1);Secret Lair Drop Series: August Superdrop 2022;Rare;1;1;6;0;0;0;10.50
564645;Urza's Saga;Modern Horizons 2;Rare;1;2;6;1;0;0;73.88
564645;Urza's Saga;Modern Horizons 2;Rare;3;2;6;0;0;0;40.50
11410;Ramosian Lieutenant;Mercadian Masques;Common;1;1;5;1;0;0;39.99
559656;Gyome, Master Chef;Commander: Strixhaven;Mythic;2;1;6;1;0;0;14.99
723123;Rise of the Eldrazi;Commander Masters: Extras;Rare;4;1;6;0;0;0;12.04
7359;Dust to Dust;The Dark;Common;2;1;5;0;0;0;14.38
3352;Cavern Harpy;Planeshift;Common;1;1;4;1;0;0;20.99
1948;Forgotten Cave;Onslaught;Common;2;1;4;1;0;0;11.31
12873;Ninja of the Deep Hours;Betrayers of Kamigawa;Common;2;2;5;1;0;0;27.99
686810;Rhystic Study;Jumpstart 2022;Rare;1;1;6;0;0;0;34.70
686371;Lita, Mechanical Engineer;Jumpstart 2022;Mythic;2;1;6;0;0;0;14.98
686381;Preston, the Vanisher;Jumpstart 2022;Rare;2;1;6;0;0;0;13.80
687176;Goldspan Dragon;Jumpstart 2022;Mythic;1;1;6;0;0;0;12.77
686380;Pirated Copy;Jumpstart 2022;Mythic;2;1;6;0;0;0;10.97
686310;Balan, Wandering Knight;Jumpstart 2022;Rare;2;1;6;0;0;0;11.39
728105;Agatha's Soul Cauldron;Wilds of Eldraine;Mythic;2;1;6;0;0;0;44.33
717333;Forth Eorlingas!;Commander: The Lord of the Rings: Tales of Middle-earth;Rare;1;1;6;0;0;0;34.11
716054;Aragorn, the Uniter (V.2);The Lord of the Rings: Tales of Middle-earth: Extras;Mythic;1;1;6;0;0;0;27.61
716063;Gandalf the White (V.2);The Lord of the Rings: Tales of Middle-earth: Extras;Mythic;1;1;6;0;0;0;23.24
716029;Witch-king of Angmar (V.1);The Lord of the Rings: Tales of Middle-earth: Extras;Mythic;1;1;6;0;0;0;16.35
728520;Necropotence (V.2);Enchanting Tales;Mythic;1;1;6;0;0;0;15.36
728391;Smothering Tithe (V.1);Enchanting Tales;Mythic;1;1;6;0;0;0;15.32
728397;Land Tax (V.1);Enchanting Tales;Mythic;1;1;6;0;0;0;12.67
706195;Ketria Triome;The List;Rare;1;1;6;0;0;0;12.10
716078;Last March of the Ents;The Lord of the Rings: Tales of Middle-earth: Extras;Mythic;1;1;6;0;0;0;11.31
693394;Clever Concealment;Commander: Phyrexia: All Will Be One: Extras;Rare;1;1;6;0;0;0;10.95
715943;Last March of the Ents;The Lord of the Rings: Tales of Middle-earth;Mythic;3;1;6;0;0;0;10.70
721899;Grand Abolisher;Commander Masters;Rare;1;1;6;0;0;0;10.12
611271;Spara's Headquarters;Streets of New Capenna;Rare;1;1;6;0;0;0;10.96
701676;The One Ring;The Lord of the Rings: Tales of Middle-earth;Mythic;1;1;6;0;0;0;73.20
716950;Palant√≠r of Orthanc;The Lord of the Rings: Tales of Middle-earth;Mythic;1;1;6;0;0;0;18.31
482769;Engineered Explosives;Double Masters;Rare;1;1;6;1;0;0;22.38
705555;Adeline, Resplendent Cathar;Commander: March of the Machine;Rare;4;1;6;0;0;0;12.40
715915;Nazg√ªl (V.8);The Lord of the Rings: Tales of Middle-earth: Extras;Uncommon;2;1;6;0;0;0;10.44
715912;Nazg√ªl (V.5);The Lord of the Rings: Tales of Middle-earth: Extras;Uncommon;2;1;6;0;0;0;10.32
715907;Nazg√ªl;The Lord of the Rings: Tales of Middle-earth;Uncommon;3;1;6;0;0;0;10.08
704175;Atraxa, Praetors' Voice (V.1);Multiverse Legends;Mythic;1;1;6;0;0;0;12.13
729316;Be Prepared;The First Chapter;Rare;1;1;6;1;0;0;18.50
727103;Stitch - Rock Star;The First Chapter;Super Rare;1;1;6;0;0;0;10.49
715938;Delighted Halfling;The Lord of the Rings: Tales of Middle-earth;Rare;2;1;6;0;0;0;15.64
695308;Sword of Feast and Famine;The List;Mythic;1;1;6;0;0;0;24.16
581259;Elesh Norn, Grand Cenobite;Secret Lair Drop Series: All-Natural, Totally Refreshing Superdrop;Mythic;4;1;6;1;0;0;20.95
8331;Phyrexian Dreadnought;Mirage;Rare;1;2;2;0;0;0;77.67
9212;Ensnaring Bridge;Stronghold;Rare;1;2;4;0;0;0;16.50
359859;Nicol Bolas, the Ravager // Nicol Bolas, the Arisen;Core 2019;Mythic;1;1;5;0;0;0;23.48
455008;Raugrin Triome;Ikoria: Lair of Behemoths;Rare;1;1;6;1;0;0;16.25
466384;Grim Tutor;Core 2021: Extras;Mythic;1;2;6;1;0;0;22.61
466324;Teferi, Master of Time (V.6);Core 2021: Extras;Mythic;1;1;6;1;0;0;11.90
495079;Blackcleave Cliffs;Zendikar Rising Expeditions;Mythic;1;1;6;1;0;0;24.39
694175;All Will Be One;Phyrexia: All Will Be One;Mythic;1;1;6;1;0;0;12.12
548221;Akroma's Memorial;Time Spiral Remastered;Mythic;1;1;4;1;0;0;19.95
366792;Entomb;Ultimate Masters;Rare;1;1;6;1;0;0;17.99
482829;Noble Hierarch;Double Masters;Rare;1;1;6;1;0;0;15.92
295814;Misty Rainforest;Modern Masters 2017;Rare;1;1;6;1;0;0;27.60
316216;Jace, the Mind Sculptor;Masters 25;Mythic;2;1;6;1;0;0;72.82
366231;Urborg, Tomb of Yawgmoth;Ultimate Masters;Rare;1;1;6;1;0;0;45.89
375375;Echo of Eons;Modern Horizons;Mythic;1;1;6;1;0;0;79.99
455008;Raugrin Triome;Ikoria: Lair of Behemoths;Rare;1;1;6;1;0;0;16.25
483989;Trinisphere;Double Masters;Mythic;1;1;6;1;0;0;18.29
482734;Karn Liberated;Double Masters: Extras;Mythic;1;1;6;1;0;0;50.81
482729;Karn Liberated;Double Masters;Mythic;1;1;6;1;0;0;26.84
510790;Scroll Rack;Commander Legends: Extras;Mythic;1;2;6;1;0;0;37.49
564646;Verdant Catacombs;Modern Horizons 2;Rare;1;1;6;1;0;0;20.56
575335;All Is Dust;Secret Lair Drop Series: Dr. Lair's Secretorium Superdrop;Rare;4;1;6;1;0;0;16.99
575337;Drown in the Loch;Secret Lair Drop Series: Dr. Lair's Secretorium Superdrop;Rare;3;1;6;1;0;0;30.13
575338;Fire Covenant;Secret Lair Drop Series: Dr. Lair's Secretorium Superdrop;Rare;3;1;6;1;0;0;25.88
581230;Metallic Mimic;Secret Lair Drop Series: All-Natural, Totally Refreshing Superdrop;Rare;4;1;6;1;0;0;17.31
581654;Chandra, Dressed to Kill;Innistrad: Crimson Vow;Mythic;1;1;6;1;0;0;14.73
674260;Burgeoning;Secret Lair Drop Series: June Superdrop 2022;Rare;3;1;6;1;0;0;21.99
674274;Mystic Remora;Secret Lair Drop Series: June Superdrop 2022;Rare;4;1;6;1;0;0;44.99
665213;City of Brass;Double Masters 2022;Rare;1;7;6;1;0;0;18.00
692393;Mondrak, Glory Dominus;Phyrexia: All Will Be One;Mythic;1;1;6;1;0;0;23.06
704166;Ragavan, Nimble Pilferer (V.1);Multiverse Legends;Mythic;2;1;6;1;0;0;64.95
701676;The One Ring;The Lord of the Rings: Tales of Middle-earth;Mythic;2;1;6;1;0;0;103.70
715917;Orcish Bowmasters;The Lord of the Rings: Tales of Middle-earth;Rare;1;1;6;1;0;0;58.48
716950;Palant√≠r of Orthanc;The Lord of the Rings: Tales of Middle-earth;Mythic;1;1;6;1;0;0;30.07
715938;Delighted Halfling;The Lord of the Rings: Tales of Middle-earth;Rare;1;1;6;1;0;0;19.08
565729;Grief;Modern Horizons 2: Extras;Mythic;1;1;6;0;0;0;51.53
605051;Teferi, Time Raveler;Secret Lair Drop Series: Out of Time Superdrop;Rare;1;1;6;0;0;0;24.73
575337;Drown in the Loch;Secret Lair Drop Series: Dr. Lair's Secretorium Superdrop;Rare;1;1;6;0;0;0;25.28
566525;Esper Sentinel;Modern Horizons 2;Rare;1;1;6;0;0;0;23.09
715938;Delighted Halfling;The Lord of the Rings: Tales of Middle-earth;Rare;1;1;6;0;0;0;15.64
674259;Utopia Sprawl;Secret Lair Drop Series: June Superdrop 2022;Rare;4;1;6;0;0;0;14.13
11541;Unmask;Mercadian Masques;Rare;1;2;3;0;0;0;11.77
361788;Nylea's Colossus;Commander 2018;Rare;1;1;5;0;0;0;12.33
611273;Ziatora's Proving Ground;Streets of New Capenna;Rare;1;1;6;0;0;0;10.26
287050;Wastes (V.1);Oath of the Gatewatch;Land;32;1;6;1;0;0;14.99
287050;Wastes (V.1);Oath of the Gatewatch;Land;1;1;5;1;0;0;14.99
287051;Wastes (V.3);Oath of the Gatewatch;Land;1;1;6;1;0;0;19.99
729381;Tinker Bell - Giant Fairy (V.1);The First Chapter;Super Rare;1;2;6;0;0;0;17.50
738504;Everybody Lives!;Universes Beyond: Doctor Who;Rare;4;1;6;0;0;0;18.17
703587;Elesh Norn // The Argent Etchings (V.1);March of the Machine: Extras;Mythic;1;1;6;0;0;0;10.20
674317;Talisman of Dominance (V.1);Secret Lair Drop Series: August Superdrop 2022;Rare;3;1;6;0;0;0;12.88
734060;Nykthos, Shrine to Nyx;Secret Lair Commander Deck: Angels: They're Just Like Us but Cooler;Rare;4;1;6;0;0;0;30.16
734065;Serra Ascendant;Secret Lair Commander Deck: Angels: They're Just Like Us but Cooler;Rare;4;1;6;0;0;0;12.11
734071;Urza's Incubator;Secret Lair Commander Deck: Angels: They're Just Like Us but Cooler;Rare;4;1;6;0;0;0;15.00
581241;Bloom Tender;Secret Lair Drop Series: All-Natural, Totally Refreshing Superdrop;Rare;4;1;6;1;0;0;29.95
581239;Archaeomancer;Secret Lair Drop Series: All-Natural, Totally Refreshing Superdrop;Rare;4;1;6;1;0;0;22.99
264056;Nylea, God of the Hunt;Theros;Mythic;4;1;6;1;0;0;11.99
581263;Sheoldred, Whispering One;Secret Lair Drop Series: All-Natural, Totally Refreshing Superdrop;Mythic;5;1;6;1;0;0;10.20
717914;Ancient Tomb (V.1);Commander: The Lord of the Rings: Tales of Middle-earth: Extras;Mythic;2;1;6;1;0;0;73.65
717914;Ancient Tomb (V.1);Commander: The Lord of the Rings: Tales of Middle-earth: Extras;Mythic;1;1;6;1;0;0;73.65
485934;Blood Moon;Double Masters: Extras;Rare;1;1;6;1;0;0;40.28
732575;Commander's Plate;Secret Lair Commander Deck: Angels: They're Just Like Us but Cooler;Mythic;4;1;6;1;0;0;36.49
722024;Finale of Devastation (V.2);Commander Masters: Extras;Mythic;1;1;6;1;0;0;43.29
485934;Blood Moon;Double Masters: Extras;Rare;1;1;6;1;0;0;40.28
717969;Wasteland (V.1);Commander: The Lord of the Rings: Tales of Middle-earth: Extras;Mythic;1;1;6;1;0;0;33.45
732573;Archangel of Thune;Secret Lair Commander Deck: Angels: They're Just Like Us but Cooler;Mythic;4;1;6;1;0;0;28.95
716027;Saruman of Many Colors (V.2);The Lord of the Rings: Tales of Middle-earth: Extras;Mythic;1;1;6;1;0;0;28.01
559352;Teferi's Protection (V.4);Mystical Archive;Mythic;1;7;6;1;0;0;33.37
717908;Shadowspear (V.1);Commander: The Lord of the Rings: Tales of Middle-earth: Extras;Mythic;1;1;6;1;0;0;32.18
717949;Minamo, School at Water's Edge (V.1);Commander: The Lord of the Rings: Tales of Middle-earth: Extras;Mythic;1;1;6;1;0;0;26.63
609871;Swords to Plowshares;Secret Lair Drop Series: MSCHF;Rare;4;1;6;1;0;0;20.99
717899;Ensnaring Bridge (V.1);Commander: The Lord of the Rings: Tales of Middle-earth: Extras;Mythic;1;1;6;1;0;0;21.42
715908;Nazg√ªl (V.1);The Lord of the Rings: Tales of Middle-earth: Extras;Uncommon;1;1;6;1;0;0;23.37
704162;Skithiryx, the Blight Dragon (V.2);Multiverse Legends;Mythic;1;1;6;1;0;0;18.10
717944;Karakas (V.1);Commander: The Lord of the Rings: Tales of Middle-earth: Extras;Mythic;1;1;6;1;0;0;19.70
434819;Heroic Intervention;Theros Beyond Death: Promos;Rare;1;1;6;1;0;0;16.99
717942;Horizon Canopy (V.1);Commander: The Lord of the Rings: Tales of Middle-earth: Extras;Mythic;2;1;6;1;0;0;15.87
717962;Shinka, the Bloodsoaked Keep (V.1);Commander: The Lord of the Rings: Tales of Middle-earth: Extras;Mythic;1;1;6;1;0;0;16.87
559656;Gyome, Master Chef;Commander: Strixhaven;Mythic;2;1;6;1;0;0;14.99
559656;Gyome, Master Chef;Commander: Strixhaven;Mythic;3;1;5;1;0;0;14.99
722878;Sliver Gravemother (V.1);Commander Masters: Extras;Mythic;4;1;6;1;0;0;10.70
715943;Last March of the Ents;The Lord of the Rings: Tales of Middle-earth;Mythic;1;1;6;1;0;0;12.40
728527;Aggravated Assault (V.2);Enchanting Tales;Rare;1;1;6;1;0;0;11.04
692870;Sword of Forge and Frontier;Phyrexia: All Will Be One;Mythic;1;1;6;1;0;0;11.79
717922;Boseiju, Who Shelters All (V.1);Commander: The Lord of the Rings: Tales of Middle-earth: Extras;Mythic;1;1;6;1;0;0;11.00
692437;Skrelv, Defector Mite (V.2);Phyrexia: All Will Be One: Extras;Rare;1;1;6;1;0;0;10.29
717946;Kor Haven (V.1);Commander: The Lord of the Rings: Tales of Middle-earth: Extras;Mythic;1;1;6;1;0;0;10.34
730313;Virtue of Loyalty // Ardenvale Fealty;Wilds of Eldraine: Extras;Mythic;1;1;6;1;0;0;10.95
729393;Hades - King of Olympus (V.2);The First Chapter;Enchanted;1;2;6;1;0;0;195.00
729265;Kuzco - Temperamental Emperor;The First Chapter;Rare;1;2;6;0;0;0;10.75
729265;Kuzco - Temperamental Emperor;The First Chapter;Rare;1;2;6;1;0;0;29.50
727103;Stitch - Rock Star;The First Chapter;Super Rare;1;2;6;0;0;0;11.00
727098;Rapunzel - Gifted with Healing;The First Chapter;Legendary;1;2;6;0;0;0;54.59
729330;Belle - Strange but Special (V.1);The First Chapter;Legendary;1;2;6;0;0;0;37.00
729330;Belle - Strange but Special (V.1);The First Chapter;Legendary;1;2;6;1;0;0;65.00
374514;Fiery Islet;Modern Horizons;Rare;1;2;6;1;0;0;37.53
664262;Dockside Extortionist (V.1);Double Masters 2022: Extras;Mythic;1;7;6;0;0;0;68.32
720261;Tinybones, Trinket Thief;Secret Lair Drop Series: Summer Superdrop 2023;Mythic;2;1;6;0;0;0;20.36
720253;Goblin Matron;Secret Lair Drop Series: Summer Superdrop 2023;Rare;4;1;6;0;0;0;15.96
720266;Goblin Lackey;Secret Lair Drop Series: Summer Superdrop 2023;Rare;4;1;6;0;0;0;16.85
720262;Omnath, Locus of Rage;Secret Lair Drop Series: Summer Superdrop 2023;Mythic;3;1;6;0;0;0;12.83
720268;Goblin Recruiter;Secret Lair Drop Series: Summer Superdrop 2023;Rare;4;1;6;0;0;0;11.81
720259;Twilight Prophet;Secret Lair Drop Series: Summer Superdrop 2023;Mythic;1;1;6;0;0;0;11.46
710196;Nissa, Resurgent Animist;March of the Machine: The Aftermath;Mythic;1;1;6;0;0;0;33.35
689721;Elesh Norn, Mother of Machines;Phyrexia: All Will Be One;Mythic;1;1;6;0;0;0;25.99
716063;Gandalf the White (V.2);The Lord of the Rings: Tales of Middle-earth: Extras;Mythic;1;1;6;0;0;0;23.24
455018;Savai Triome;Ikoria: Lair of Behemoths;Rare;1;1;6;0;0;0;15.20
298678;The Scarab God;Hour of Devastation;Mythic;1;1;5;0;0;0;11.47
575339;Fractured Identity;Secret Lair Drop Series: Dr. Lair's Secretorium Superdrop;Rare;3;1;6;1;0;0;14.43
15010;Aven Mindcensor;Future Sight;Uncommon;1;1;5;1;0;0;12.00
22593;Tajuru Preserver;Rise of the Eldrazi;Rare;1;2;6;1;0;0;14.36
282779;Noble Hierarch;Modern Masters 2015;Rare;2;1;6;1;0;0;14.85
264007;Nykthos, Shrine to Nyx;Theros;Rare;1;1;5;0;0;0;30.92
685036;Portal to Phyrexia (V.2);The Brothers' War: Promos;Mythic;1;1;6;0;0;0;24.50
6368;Thermokarst;Ice Age;Uncommon;2;1;6;0;0;0;16.00
6368;Thermokarst;Ice Age;Uncommon;2;1;5;0;0;0;12.08
17618;Forest (V.1);Euro Lands;Land;1;1;5;0;0;0;11.95
17627;Plains (V.1);Euro Lands;Land;1;1;5;0;0;0;11.38
717914;Ancient Tomb (V.1);Commander: The Lord of the Rings: Tales of Middle-earth: Extras;Mythic;1;1;6;1;0;0;73.65
607186;Boseiju, Who Endures (V.2);Kamigawa: Neon Dynasty: Extras;Rare;1;2;6;1;0;0;63.68
720270;Worldspine Wurm;Secret Lair Drop Series: Summer Superdrop 2023;Mythic;3;1;6;1;0;0;28.72
720261;Tinybones, Trinket Thief;Secret Lair Drop Series: Summer Superdrop 2023;Mythic;3;1;6;1;0;0;29.99
732238;Gisela, the Broken Blade / Brisela, Voice of Nightmares (V.1);Secret Lair Commander Deck: Angels: They're Just Like Us but Cooler;Mythic;4;1;6;1;0;0;22.91
674260;Burgeoning;Secret Lair Drop Series: June Superdrop 2022;Rare;1;1;6;1;0;0;21.99
720266;Goblin Lackey;Secret Lair Drop Series: Summer Superdrop 2023;Rare;3;1;6;1;0;0;20.41
720268;Goblin Recruiter;Secret Lair Drop Series: Summer Superdrop 2023;Rare;3;1;6;1;0;0;18.47
720253;Goblin Matron;Secret Lair Drop Series: Summer Superdrop 2023;Rare;3;1;6;1;0;0;17.70
609872;Grim Tutor;Secret Lair Drop Series: MSCHF;Mythic;2;1;6;1;0;0;16.41
720259;Twilight Prophet;Secret Lair Drop Series: Summer Superdrop 2023;Mythic;2;1;6;1;0;0;16.70
720256;Reassembling Skeleton;Secret Lair Drop Series: Summer Superdrop 2023;Rare;3;1;6;1;0;0;11.22
720267;Geier Reach Sanitarium;Secret Lair Drop Series: Summer Superdrop 2023;Rare;3;1;6;1;0;0;11.36
728494;Sigarda's Aid;Secret Lair Drop Series;Rare;4;1;6;1;0;0;34.99
514724;Aesi, Tyrant of Gyre Strait;Commander Legends: Extras;Mythic;1;1;6;1;0;0;20.21
609873;Blood Moon;Secret Lair Drop Series: MSCHF;Rare;4;1;6;1;0;0;28.00
572672;Karazikar, the Eye Tyrant;Commander: Adventures in the Forgotten Realms: Extras;Mythic;1;1;6;0;0;0;12.42
571053;Den of the Bugbear;Adventures in the Forgotten Realms;Rare;1;1;6;1;0;0;11.50
652404;Damning Verdict;Commander: Streets of New Capenna;Rare;1;1;6;0;0;0;10.32
571440;Old Gnawbone;Adventures in the Forgotten Realms;Mythic;1;1;6;1;0;0;26.23
571381;Guardian of Faith;Adventures in the Forgotten Realms: Extras;Rare;1;1;6;1;0;0;10.64
571441;Old Gnawbone;Adventures in the Forgotten Realms: Extras;Mythic;1;1;6;1;0;0;45.11
574937;Adeline, Resplendent Cathar;Innistrad: Midnight Hunt;Rare;1;1;6;1;0;0;15.49
664281;Liliana, the Last Hope (V.1);Double Masters 2022: Extras;Mythic;1;1;6;1;0;0;14.18
674317;Talisman of Dominance (V.1);Secret Lair Drop Series: August Superdrop 2022;Rare;1;1;6;0;0;0;14.81
